,observation_date,UnemploymentRate,GDP,CommLoans,CPIGrowthRate,FedFunds,MoneySupply,ProducerPriceIndex,RELoans,year,month,quarter
0,1960-01-01,5.2,15.572096522021198,39.5918,-0.34013605442177,3.99,301.5,31.6,27.6453,1960,1,Q1
1,1960-02-01,4.8,6.220611743311666,39.3687,0.341296928327646,3.97,298.5,31.6,27.5965,1960,2,Q1
2,1960-03-01,5.4,-4.063160376226396,40.1776,0.0,3.84,298.2,31.8,27.6361,1960,3,Q1
3,1960-04-01,5.2,-4.13411709501124,40.6229,0.34013605442177,3.92,300.3,31.8,27.6951,1960,4,Q2
4,1960-05-01,5.1,-3.431831840766222,40.8703,0.0,3.85,298.9,31.7,27.7338,1960,5,Q2
5,1960-06-01,5.4,1.6717190609236567,41.3903,0.3389830508474479,3.32,300.9,31.7,27.7663,1960,6,Q2
6,1960-07-01,5.5,5.582458100341482,41.2177,0.0,3.23,303.5,31.7,27.8159,1960,7,Q3
7,1960-08-01,5.6,2.5542994383507684,40.9506,0.0,2.98,305.2,31.6,27.8943,1960,8,Q3
8,1960-09-01,5.5,-4.110420757802567,41.3191,0.0,2.6,307.8,31.6,27.9942,1960,9,Q3
9,1960-10-01,6.1,-7.617264739715838,41.5618,0.675675675675678,2.47,309.9,31.7,28.0913,1960,10,Q4
10,1960-11-01,6.1,-7.743320027221583,41.865,0.0,2.44,311.7,31.7,28.131,1960,11,Q4
11,1960-12-01,6.6,-2.4792001258529677,42.682,0.0,1.98,315.3,31.7,28.2332,1960,12,Q4
12,1961-01-01,6.6,5.955818853109133,42.0169,0.0,1.45,317.5,31.8,28.2006,1961,1,Q1
13,1961-02-01,6.9,6.1602671552618675,41.5387,0.0,2.54,316.6,31.8,28.1339,1961,2,Q1
14,1961-03-01,6.9,6.706812993260577,42.2205,0.0,2.02,317.2,31.8,28.1925,1961,3,Q1
15,1961-04-01,7.0,6.291639905115289,42.3423,0.0,1.49,320.2,31.6,28.2346,1961,4,Q2
16,1961-05-01,7.1,6.941319054310802,42.133,0.0,1.98,320.0,31.5,28.3514,1961,5,Q2
17,1961-06-01,6.9,8.260042798786825,42.4998,0.0,1.73,322.7,31.3,28.6777,1961,6,Q2
18,1961-07-01,7.0,7.728706131237534,42.3813,0.671140939597318,1.17,324.9,31.5,28.8884,1961,7,Q3
19,1961-08-01,6.6,8.445615493075081,42.257,-0.333333333333335,2.0,325.8,31.5,29.0396,1961,8,Q3
20,1961-09-01,6.7,5.007983243249655,42.6525,0.334448160535118,1.88,328.8,31.5,29.177,1961,9,Q3
21,1961-10-01,6.5,8.373014490957834,42.9749,0.0,2.26,331.5,31.5,29.2741,1961,10,Q4
22,1961-11-01,6.1,9.048852370893748,43.3042,0.0,2.61,334.1,31.5,29.4325,1961,11,Q4
23,1961-12-01,6.0,8.221043589827005,44.4055,0.0,2.33,338.5,31.6,29.6635,1961,12,Q4
24,1962-01-01,5.8,5.397993409107627,43.9865,0.0,2.15,341.1,31.7,29.7873,1962,1,Q1
25,1962-02-01,5.5,8.779031668010916,43.4841,0.333333333333335,2.37,340.3,31.7,29.8604,1962,2,Q1
26,1962-03-01,5.6,4.347202417075842,44.2795,0.0,2.85,342.1,31.7,30.0198,1962,3,Q1
27,1962-04-01,5.6,2.1257240121110432,44.6802,0.3322259136212639,2.78,346.0,31.6,30.3319,1962,4,Q2
28,1962-05-01,5.5,2.378291278048338,44.8536,0.0,2.36,345.0,31.5,30.722,1962,5,Q2
29,1962-06-01,5.5,3.816010246449219,45.6208,0.0,2.68,347.7,31.5,31.2584,1962,6,Q2
30,1962-07-01,5.4,7.292237538455213,45.5173,0.331125827814571,2.71,350.1,31.6,31.6555,1962,7,Q3
31,1962-08-01,5.7,4.756649070269133,45.495,0.0,2.93,350.9,31.6,31.992,1962,8,Q3
32,1962-09-01,5.6,2.66318214289021,46.2177,0.330033003300331,2.9,353.9,31.9,32.3827,1962,9,Q3
33,1962-10-01,5.4,-1.29234092206784,46.7962,0.0,2.9,357.5,31.7,32.7691,1962,10,Q4
34,1962-11-01,5.7,1.37825700642987,47.3396,0.0,2.94,360.5,31.7,33.1625,1962,11,Q4
35,1962-12-01,5.5,2.834338285625092,48.0736,0.0,2.93,365.8,31.6,33.4189,1962,12,Q4
36,1963-01-01,5.7,5.357028288467916,47.6917,0.0,2.92,369.1,31.6,33.6746,1963,1,Q1
37,1963-02-01,5.9,6.740377049889385,47.4612,0.0,3.0,368.0,31.5,33.9177,1963,2,Q1
38,1963-03-01,5.7,2.5396263536498567,48.1549,0.328947368421054,2.98,369.8,31.5,34.1119,1963,3,Q1
39,1963-04-01,5.7,2.7546314974446715,48.5211,0.0,2.9,373.8,31.4,34.4806,1963,4,Q2
40,1963-05-01,5.9,5.222113538819621,48.6646,0.0,3.0,373.4,31.5,35.0311,1963,5,Q2
41,1963-06-01,5.6,9.652981729690698,49.3921,0.327868852459018,2.99,376.7,31.6,35.8205,1963,6,Q2
42,1963-07-01,5.6,11.62056822690874,49.2882,0.326797385620916,3.02,380.2,31.7,36.3883,1963,7,Q3
43,1963-08-01,5.4,8.016873183502293,49.0485,0.0,3.49,381.5,31.6,36.82,1963,8,Q3
44,1963-09-01,5.5,2.9013803543542926,49.6384,0.0,3.48,384.9,31.6,37.2463,1963,9,Q3
45,1963-10-01,5.5,0.0801860468218049,50.3057,0.3257328990228029,3.5,388.8,31.6,37.6336,1963,10,Q4
46,1963-11-01,5.7,0.9387732187025316,51.3271,0.0,3.48,392.3,31.7,38.0212,1963,11,Q4
47,1963-12-01,5.5,7.515694165050931,52.8205,0.3246753246753259,3.38,396.4,31.6,38.2283,1963,12,Q4
48,1964-01-01,5.6,11.695991138761723,52.4673,0.0,3.48,399.5,31.8,38.5058,1964,1,Q1
49,1964-02-01,5.4,10.166887148055393,52.1675,0.0,3.48,397.6,31.6,38.8426,1964,2,Q1
50,1964-03-01,5.4,3.815145550318867,52.8867,0.0,3.43,398.9,31.6,39.0757,1964,3,Q1
51,1964-04-01,5.3,2.6863902383991816,53.3436,0.0,3.47,402.4,31.6,39.3925,1964,4,Q2
52,1964-05-01,5.1,3.488018383914475,53.7496,0.0,3.5,401.3,31.5,39.7861,1964,5,Q2
53,1964-06-01,5.2,6.128096498797737,54.5463,0.323624595469257,3.5,405.3,31.5,40.2147,1964,6,Q2
54,1964-07-01,4.9,9.94343376703858,54.6271,0.322580645161292,3.42,409.3,31.6,40.7099,1964,7,Q3
55,1964-08-01,5.0,5.060849388642773,54.6931,-0.32154340836013,3.5,411.1,31.6,41.1499,1964,8,Q3
56,1964-09-01,5.1,0.1003128128861705,55.5541,0.322580645161292,3.45,415.7,31.7,41.5954,1964,9,Q3
57,1964-10-01,5.1,-4.939744998642769,56.1245,0.0,3.36,419.9,31.7,41.9639,1964,10,Q4
58,1964-11-01,4.8,5.215519812797243,56.8645,0.321543408360109,3.52,422.9,31.7,42.3106,1964,11,Q4
59,1964-12-01,5.0,10.216806611032087,58.9898,0.0,3.85,428.3,31.7,42.6721,1964,12,Q4
60,1965-01-01,4.9,11.271632214401675,59.3178,0.0,3.9,432.3,31.8,42.8915,1965,1,Q1
61,1965-02-01,5.1,9.752941246073954,59.6232,0.0,3.98,430.1,31.9,43.064,1965,2,Q1
62,1965-03-01,4.7,7.139214450984938,61.2911,0.320512820512822,4.05,432.2,31.9,43.3682,1965,3,Q1
63,1965-04-01,4.8,1.9835353659873411,62.2404,0.319488817891375,4.09,436.2,32.0,43.8234,1965,4,Q2
64,1965-05-01,4.6,3.920057382929518,62.9234,0.0,4.1,433.7,32.1,44.3064,1965,5,Q2
65,1965-06-01,4.6,7.366615266083497,64.5671,0.6369426751592379,4.05,438.4,32.4,44.9216,1965,6,Q2
66,1965-07-01,4.4,11.493933282781365,64.9567,0.0,4.09,442.1,32.4,45.488,1965,7,Q3
67,1965-08-01,4.4,9.183710505934885,65.0763,0.0,4.12,443.3,32.4,46.0822,1965,8,Q3
68,1965-09-01,4.3,7.653446415917528,66.1166,0.0,4.02,448.4,32.4,46.7146,1965,9,Q3
69,1965-10-01,4.2,9.032686003241434,66.8048,0.316455696202533,4.08,453.6,32.5,47.2447,1965,10,Q4
70,1965-11-01,4.1,9.468168136332483,67.643,0.0,4.1,456.7,32.6,47.7332,1965,11,Q4
71,1965-12-01,4.0,11.52871376478052,69.8104,0.315457413249213,4.32,463.1,32.8,48.0191,1965,12,Q4
72,1966-01-01,4.0,10.780220182604689,70.0816,0.0,4.42,467.1,32.9,48.4002,1966,1,Q1
73,1966-02-01,3.8,8.414814270122573,70.113,0.628930817610066,4.6,463.7,33.2,48.7939,1966,2,Q1
74,1966-03-01,3.8,4.849335828700849,71.6167,0.312500000000001,4.66,465.9,33.2,49.083,1966,3,Q1
75,1966-04-01,3.8,-1.7910581456783286,72.5067,0.62305295950156,4.67,470.1,33.2,49.4962,1966,4,Q2
76,1966-05-01,3.9,-1.585435012950973,73.3226,0.0,4.9,466.2,33.2,49.9238,1966,5,Q2
77,1966-06-01,3.8,2.658547380286416,75.9979,0.309597523219816,5.17,469.6,33.3,50.6632,1966,6,Q2
78,1966-07-01,3.8,4.413566017411652,77.0554,0.308641975308643,5.3,470.3,33.5,51.097,1966,7,Q3
79,1966-08-01,3.8,4.593320891069451,76.5821,0.6153846153846179,5.53,470.1,33.6,51.434,1966,8,Q3
80,1966-09-01,3.7,4.26807667543335,77.1461,0.0,5.4,474.6,33.6,51.8778,1966,9,Q3
81,1966-10-01,3.7,2.769898140051756,77.7093,0.611620795107036,5.53,476.9,33.4,52.2725,1966,10,Q4
82,1966-11-01,3.6,1.7750600625961834,78.1267,0.0,5.76,478.1,33.3,52.554,1966,11,Q4
83,1966-12-01,3.8,4.362565818488797,79.6221,0.0,5.4,483.7,33.3,52.7728,1966,12,Q4
84,1967-01-01,3.9,6.115466802729463,79.4226,0.0,4.94,486.4,33.4,52.8547,1967,1,Q1
85,1967-02-01,3.8,1.416282318446462,78.8692,0.0,5.0,483.6,33.4,52.8537,1967,2,Q1
86,1967-03-01,3.8,0.0973287250864594,80.1449,0.303951367781156,4.53,488.1,33.3,52.9235,1967,3,Q1
87,1967-04-01,3.8,-0.8669077767980813,81.3548,0.3030303030303039,4.05,492.9,33.1,53.1498,1967,4,Q2
88,1967-05-01,3.8,-0.3754201603755391,81.5935,0.302114803625359,3.94,493.3,33.3,53.5069,1967,5,Q2
89,1967-06-01,3.9,3.957463724326974,83.4099,0.30120481927711,3.98,500.9,33.5,54.0408,1967,6,Q2
90,1967-07-01,3.8,4.319737713025344,84.2021,0.3003003003003019,3.79,506.2,33.5,54.4992,1967,7,Q3
91,1967-08-01,3.8,6.24967345526176,83.0999,0.299401197604792,3.9,508.6,33.4,54.9891,1967,8,Q3
92,1967-09-01,3.8,0.8968188496444265,83.3598,0.2985074626865679,3.99,514.2,33.4,55.5673,1967,9,Q3
93,1967-10-01,4.0,-0.7741742751009268,83.8078,0.297619047619049,3.88,519.3,33.4,56.0789,1967,10,Q4
94,1967-11-01,3.9,6.13805641183324,84.2456,0.2967359050445119,4.13,521.6,33.4,56.6172,1967,11,Q4
95,1967-12-01,3.8,9.050887561039172,86.8159,0.295857988165682,4.51,528.0,33.7,57.0996,1967,12,Q4
96,1968-01-01,3.7,7.440037104562983,86.7271,0.5899705014749289,4.61,531.9,33.8,57.417,1968,1,Q1
97,1968-02-01,3.8,8.991223148190805,85.8146,0.293255131964811,4.71,528.1,34.0,57.7643,1968,2,Q1
98,1968-03-01,3.7,8.149588414258798,87.0516,0.292397660818715,5.05,531.6,34.1,58.1614,1968,3,Q1
99,1968-04-01,3.5,5.416886197064665,88.6352,0.291545189504355,5.76,536.9,34.1,58.674,1968,4,Q2
100,1968-05-01,3.5,6.614320899823775,88.9478,0.290697674418606,6.12,535.4,34.2,59.2721,1968,5,Q2
101,1968-06-01,3.7,4.810466544587202,90.7084,0.5797101449275389,6.07,542.2,34.2,60.0934,1968,6,Q2
102,1968-07-01,3.7,3.515407930012179,91.6067,0.576368876080694,6.03,546.2,34.3,60.5383,1968,7,Q3
103,1968-08-01,3.5,0.2187389866111493,90.7812,0.2865329512894,6.03,547.6,34.2,60.9376,1968,8,Q3
104,1968-09-01,3.4,0.6078761971923581,91.4696,0.285714285714287,5.78,553.1,34.4,61.5794,1968,9,Q3
105,1968-10-01,3.4,0.2751282376138673,92.5541,0.569800569800572,5.91,558.5,34.4,62.3169,1968,10,Q4
106,1968-11-01,3.4,3.3341856185730503,94.0379,0.283286118980171,5.82,562.5,34.5,63.0404,1968,11,Q4
107,1968-12-01,3.4,5.147135821398143,96.9471,0.2824858757062159,6.02,569.7,34.6,63.5618,1968,12,Q4
108,1969-01-01,3.4,8.642145535694727,97.3319,0.2816901408450529,6.3,573.5,34.8,64.0068,1969,1,Q1
109,1969-02-01,3.4,6.7280576064482345,97.3919,0.561797752808991,6.61,569.1,35.0,64.4866,1969,2,Q1
110,1969-03-01,3.4,2.8828448227650885,99.0833,0.837988826815646,6.79,572.8,35.2,64.9721,1969,3,Q1
111,1969-04-01,3.4,-0.940216416365725,101.0392,0.5540166204986171,7.41,577.4,35.3,65.5195,1969,4,Q2
112,1969-05-01,3.4,-0.8503579784839057,101.9672,0.275482093663913,8.67,573.5,35.5,66.1085,1969,5,Q2
113,1969-06-01,3.5,2.912802753416577,103.348,0.549450549450552,8.9,578.7,35.7,66.5586,1969,6,Q2
114,1969-07-01,3.5,4.344476051557049,103.701,0.546448087431696,8.61,580.6,35.8,67.0817,1969,7,Q3
115,1969-08-01,3.5,3.249546524571975,102.7993,0.5434782608695671,9.19,578.4,35.7,67.6244,1969,8,Q3
116,1969-09-01,3.7,-0.8105550319118815,103.4857,0.270270270270271,9.15,581.3,35.8,68.0472,1969,9,Q3
117,1969-10-01,3.7,-3.229931402075782,104.1398,0.539083557951485,9.0,583.7,35.9,68.3747,1969,10,Q4
118,1969-11-01,3.5,-4.670228071015296,104.6502,0.536193029490619,8.85,584.8,36.1,68.6566,1969,11,Q4
119,1969-12-01,3.5,-0.1869162295372084,107.3877,0.533333333333318,8.97,590.1,36.3,68.7151,1969,12,Q4
120,1970-01-01,3.9,-0.7240020193659,106.4135,0.265251989389922,8.98,592.0,36.5,69.0329,1970,1,Q1
121,1970-02-01,4.2,1.5519073443594995,104.7222,0.5291005291005311,8.98,583.4,36.7,69.0712,1970,2,Q1
122,1970-03-01,4.4,-1.2490830154525303,105.2451,0.5263157894736861,7.76,587.3,36.7,69.0801,1970,3,Q1
123,1970-04-01,4.6,-1.4546086908400635,105.9876,0.785340314136129,8.1,592.9,36.8,69.1486,1970,4,Q2
124,1970-05-01,4.8,2.3072525389085596,106.113,0.259740259740261,7.95,590.8,36.8,69.2531,1970,5,Q2
125,1970-06-01,4.9,5.785646417305882,107.5799,0.518134715025909,7.61,597.5,36.9,69.2607,1970,6,Q2
126,1970-07-01,5.0,7.434938737769842,108.3055,0.515463917525775,7.21,601.2,37.1,69.5884,1970,7,Q3
127,1970-08-01,5.1,1.4382501022915095,108.0227,0.0,6.62,603.0,36.9,70.0142,1970,8,Q3
128,1970-09-01,5.4,-6.047900837756184,109.3229,0.512820512820515,6.29,608.7,37.1,70.447,1970,9,Q3
129,1970-10-01,5.5,-11.379275906353062,109.6403,0.5102040816326551,6.2,614.0,37.1,70.8426,1970,10,Q4
130,1970-11-01,5.9,-3.989849841157689,109.563,0.5076142131979551,5.6,618.2,37.1,71.1599,1970,11,Q4
131,1970-12-01,6.1,13.993831630780136,112.1424,0.5050505050505071,4.9,627.8,37.1,71.6373,1970,12,Q4
132,1971-01-01,5.9,16.082327277576837,111.559,0.0,4.14,635.5,37.3,71.8305,1971,1,Q1
133,1971-02-01,5.9,10.662200830230349,110.8272,0.251256281407036,3.72,638.0,37.7,71.988,1971,2,Q1
134,1971-03-01,6.0,2.8762125641250904,111.8593,0.250626566416041,3.71,650.0,37.8,72.4603,1971,3,Q1
135,1971-04-01,5.9,-0.8590253446333063,112.5195,0.250000000000001,4.16,663.5,37.9,73.1305,1971,4,Q2
136,1971-05-01,5.9,0.459043181580157,113.225,0.498753117206985,4.63,666.1,38.1,73.9383,1971,5,Q2
137,1971-06-01,5.9,4.700840212211735,114.7622,0.7444168734491341,4.91,675.9,38.2,74.8025,1971,6,Q2
138,1971-07-01,6.0,3.8209030982524976,115.0202,0.2463054187191969,5.31,682.3,38.3,76.1911,1971,7,Q3
139,1971-08-01,6.1,3.104003335341817,115.196,0.2457002457002469,5.57,683.7,38.5,77.1914,1971,8,Q3
140,1971-09-01,6.0,1.9468530946502765,116.5827,0.0,5.55,689.7,38.3,78.318,1971,9,Q3
141,1971-10-01,5.8,-1.9059975489485996,117.1438,0.2450980392156869,5.2,695.6,38.3,79.3933,1971,10,Q4
142,1971-11-01,6.0,0.9282019535049596,117.1349,0.0,4.91,701.2,38.3,80.3187,1971,11,Q4
143,1971-12-01,6.0,5.269997559799523,118.6059,0.4889975550122271,4.14,711.2,38.6,80.2994,1971,12,Q4
144,1972-01-01,5.8,8.776804709094833,118.0879,0.0,3.51,720.0,38.8,81.3873,1972,1,Q1
145,1972-02-01,5.7,8.362721245537749,117.7299,0.486618004866182,3.3,722.2,39.2,82.8926,1972,2,Q1
146,1972-03-01,5.8,11.00500484366198,119.6325,0.242130750605328,3.83,733.7,39.2,84.0099,1972,3,Q1
147,1972-04-01,5.7,10.44684709449474,121.6844,0.241545893719808,4.17,743.8,39.3,85.3308,1972,4,Q2
148,1972-05-01,5.7,7.361520535883986,122.8919,0.240963855421688,4.27,742.6,39.5,86.7712,1972,5,Q2
149,1972-06-01,5.7,4.394951917112653,124.2782,0.240384615384616,4.46,753.2,39.7,87.9738,1972,6,Q2
150,1972-07-01,5.6,1.0669827303702453,125.3041,0.479616306954438,4.55,763.0,40.0,89.6958,1972,7,Q3
151,1972-08-01,5.6,4.808508346234096,125.5346,0.238663484486859,4.81,767.0,40.1,91.6035,1972,8,Q3
152,1972-09-01,5.5,4.868135466341453,126.9476,0.238095238095239,4.87,775.2,40.2,93.2532,1972,9,Q3
153,1972-10-01,5.6,6.432343276252506,128.9178,0.475059382422805,5.05,783.6,40.1,94.7779,1972,10,Q4
154,1972-11-01,5.3,8.092789720852222,130.9049,0.2364066193853439,5.06,790.2,40.3,96.3384,1972,11,Q4
155,1972-12-01,5.2,9.71253660796384,134.0171,0.2358490566037749,5.33,803.1,41.1,97.2156,1972,12,Q4
156,1973-01-01,4.9,10.703211155349884,135.1627,0.23529411764706,5.94,812.3,41.6,98.8381,1973,1,Q1
157,1973-02-01,5.0,10.563023663043303,139.1045,0.704225352112679,6.58,810.1,42.4,100.2065,1973,2,Q1
158,1973-03-01,4.9,7.245691890199806,144.6587,0.932400932400936,7.09,815.6,43.4,101.8092,1973,3,Q1
159,1973-04-01,5.0,4.022742347346206,148.1728,0.6928406466512729,7.12,825.4,43.6,103.504,1973,4,Q2
160,1973-05-01,4.9,2.1292097914893624,150.5336,0.6880733944954159,7.84,825.8,44.5,105.1565,1973,5,Q2
161,1973-06-01,4.9,-2.375501346277697,153.6535,0.6833712984054549,8.49,837.2,45.5,107.1989,1973,6,Q2
162,1973-07-01,4.8,-4.325366762516985,156.2583,0.2262443438914039,10.4,840.7,44.9,109.2046,1973,7,Q3
163,1973-08-01,4.8,-3.50029238455691,157.7788,1.80586907449211,10.5,837.4,47.5,111.1795,1973,8,Q3
164,1973-09-01,4.8,3.621287787979651,158.5536,0.2217294900221739,10.78,836.0,46.7,113.075,1973,9,Q3
165,1973-10-01,4.6,8.347556470630781,158.9303,0.884955752212393,10.01,839.3,46.3,114.6434,1973,10,Q4
166,1973-11-01,4.8,4.8631002021197745,159.4035,0.657894736842108,10.03,845.3,46.5,116.1614,1973,11,Q4
167,1973-12-01,4.9,-4.517565786150686,162.1035,0.653594771241818,9.95,856.5,47.4,117.3306,1973,12,Q4
168,1974-01-01,5.1,-6.7054968576899805,162.4203,0.865800865800869,9.65,861.5,49.0,118.3064,1974,1,Q1
169,1974-02-01,5.2,-4.042420631480484,162.8576,1.2875536480686598,8.97,859.8,50.0,119.1422,1974,2,Q1
170,1974-03-01,5.1,1.333113421585612,168.5146,1.2711864406779698,9.35,869.9,50.6,120.261,1974,3,Q1
171,1974-04-01,5.1,2.872724493363709,175.776,0.418410041841006,10.51,878.6,51.0,121.8582,1974,4,Q2
172,1974-05-01,5.1,2.710883436526353,178.2043,1.24999999999999,11.31,873.4,51.8,123.4204,1974,5,Q2
173,1974-06-01,5.4,-4.112743699355053,180.8674,0.823045267489716,11.93,881.9,52.0,124.9692,1974,6,Q2
174,1974-07-01,5.5,-6.332666682106869,184.8839,0.8163265306122479,12.92,886.0,54.0,126.5587,1974,7,Q3
175,1974-08-01,5.5,-4.878520381227814,185.9212,1.21457489878543,12.01,882.9,55.9,127.6271,1974,8,Q3
176,1974-09-01,5.9,0.0620191926054025,187.9235,1.19999999999999,11.34,884.7,55.9,128.6404,1974,9,Q3
177,1974-10-01,6.0,2.048867592164916,188.931,0.9881422924901228,10.06,890.4,56.9,129.3245,1974,10,Q4
178,1974-11-01,6.6,-3.4879962051921893,190.0766,0.7827788649706491,9.45,895.4,57.4,129.8824,1974,11,Q4
179,1974-12-01,7.2,-8.41755278021499,192.5658,0.776699029126217,8.53,903.5,57.3,130.135,1974,12,Q4
180,1975-01-01,8.1,-4.301109520274436,191.0378,0.3853564547206179,7.13,908.0,57.4,130.4396,1975,1,Q1
181,1975-02-01,8.1,-4.416179504720629,188.3269,0.7677543186180329,6.24,908.7,57.2,130.3709,1975,2,Q1
182,1975-03-01,8.6,-2.08774928471163,187.7643,0.380952380952383,5.54,924.4,56.9,130.4426,1975,3,Q1
183,1975-04-01,8.8,5.440414947067378,188.1663,0.379506641366226,5.49,941.1,57.5,130.7094,1975,4,Q2
184,1975-05-01,9.0,5.76448112650093,186.5638,0.567107750472592,5.22,946.2,57.9,130.986,1975,5,Q2
185,1975-06-01,8.8,6.394357073001409,185.3066,0.751879699248124,5.55,966.9,58.0,131.5203,1975,6,Q2
186,1975-07-01,8.6,7.814460277650311,184.3557,1.11940298507463,6.1,979.7,58.7,131.7937,1975,7,Q3
187,1975-08-01,8.4,6.721377536153449,182.3786,0.184501845018451,6.14,982.4,59.0,132.1622,1975,8,Q3
188,1975-09-01,8.4,5.6632850614882635,182.5582,0.5524861878452939,6.24,988.4,59.4,132.8003,1975,9,Q3
189,1975-10-01,8.4,3.857573853746496,182.47,0.549450549450552,5.82,995.6,59.8,133.5305,1975,10,Q4
190,1975-11-01,8.3,4.5475452981827384,182.6874,0.7285974499089279,5.22,1004.8,59.5,134.0434,1975,11,Q4
191,1975-12-01,8.2,9.453725321912929,184.7495,0.361663652802895,5.2,1017.8,59.7,134.4616,1975,12,Q4
192,1976-01-01,7.9,11.935066520176402,182.144,0.180180180180181,4.87,1028.3,59.9,135.4647,1976,1,Q1
193,1976-02-01,7.7,8.455172790042285,180.2215,0.359712230215829,4.77,1034.2,59.9,136.0614,1976,2,Q1
194,1976-03-01,7.6,3.902474782462677,179.0722,0.179211469534051,4.84,1047.7,60.0,137.2773,1976,3,Q1
195,1976-04-01,7.7,1.7420527246516095,178.0433,0.357781753130592,4.82,1066.9,60.6,138.9279,1976,4,Q2
196,1976-05-01,7.4,1.3717195570790646,178.8791,0.7130124777183391,5.29,1070.3,60.8,140.1573,1976,5,Q2
197,1976-06-01,7.6,2.0891723959513966,179.8065,0.530973451327436,5.48,1080.8,61.2,141.2085,1976,6,Q2
198,1976-07-01,7.8,2.5414328588267634,179.6538,0.5281690140845089,5.31,1091.6,61.6,142.5402,1976,7,Q3
199,1976-08-01,7.8,2.1479132221237256,179.1681,0.525394045534141,5.29,1097.3,61.4,143.9796,1976,8,Q3
200,1976-09-01,7.6,2.1996808551799036,180.758,0.34843205574913,5.25,1108.4,61.8,145.5005,1976,9,Q3
201,1976-10-01,7.7,1.2454007874812787,182.2541,0.5208333333333359,5.02,1125.1,61.9,146.784,1976,10,Q4
202,1976-11-01,7.8,4.977545511172266,184.2382,0.172711571675303,4.95,1135.0,62.0,148.0099,1976,11,Q4
203,1976-12-01,7.8,5.69164700847535,186.7073,0.344827586206898,4.65,1153.5,62.5,148.9582,1976,12,Q4
204,1977-01-01,7.5,1.1862951244564046,185.2441,0.515463917525775,4.61,1167.5,62.8,150.0769,1977,1,Q1
205,1977-02-01,7.6,7.3668939147741455,185.6415,1.02564102564103,4.68,1169.9,63.5,151.4296,1977,2,Q1
206,1977-03-01,7.4,7.78508982008278,188.6856,0.676818950930618,4.69,1185.3,64.1,152.9762,1977,3,Q1
207,1977-04-01,7.2,7.0649676360741385,190.8146,0.840336134453785,4.73,1206.6,64.9,155.0964,1977,4,Q2
208,1977-05-01,7.0,7.8393848752550035,192.3256,0.500000000000002,5.35,1205.5,65.2,157.7169,1977,5,Q2
209,1977-06-01,7.2,9.448418342020236,194.4152,0.6633499170812629,5.39,1219.8,65.0,160.1011,1977,6,Q2
210,1977-07-01,6.9,8.296697843735183,195.6038,0.4942339373970371,5.42,1232.9,65.1,162.8885,1977,7,Q3
211,1977-08-01,7.0,5.633600048414594,196.6906,0.327868852459018,5.9,1235.3,65.0,165.8624,1977,8,Q3
212,1977-09-01,6.8,1.4465695482141965,198.3613,0.326797385620916,6.14,1244.7,65.3,168.3202,1977,9,Q3
213,1977-10-01,6.8,-1.169070157759302,201.0796,0.3257328990228029,6.47,1255.9,65.6,171.0527,1977,10,Q4
214,1977-11-01,6.8,-1.6793571372021363,203.4546,0.487012987012989,6.51,1260.2,65.8,173.6747,1977,11,Q4
215,1977-12-01,6.4,-1.6076743361948376,206.257,0.323101777059775,6.56,1273.0,66.2,175.6374,1977,12,Q4
216,1978-01-01,6.4,-5.3694835097236995,206.6353,0.6441223832528,6.7,1282.3,66.8,178.2011,1978,1,Q1
217,1978-02-01,6.3,7.826816532224123,208.4025,0.6400000000000029,6.78,1276.8,67.5,180.1035,1978,2,Q1
218,1978-03-01,6.3,16.86240253508953,213.1628,0.7949125596184449,6.79,1288.2,68.1,182.2759,1978,3,Q1
219,1978-04-01,6.1,20.745234669720837,217.5603,0.788643533123032,6.89,1307.4,69.0,184.7346,1978,4,Q2
220,1978-05-01,6.0,12.924016446478422,221.1009,0.938967136150239,7.36,1304.8,69.5,187.9799,1978,5,Q2
221,1978-06-01,5.9,6.84382947982478,224.5662,1.08527131782946,7.6,1319.0,70.0,191.3505,1978,6,Q2
222,1978-07-01,6.2,-0.0241314692811016,226.6036,0.7668711656441751,7.81,1330.1,70.4,194.822,1978,7,Q3
223,1978-08-01,5.9,2.4952537900100884,227.3256,0.4566210045662121,8.04,1331.4,70.4,198.5273,1978,8,Q3
224,1978-09-01,6.0,4.498928916623629,229.6191,0.7575757575757409,8.45,1344.7,71.0,201.8765,1978,9,Q3
225,1978-10-01,5.8,7.214676291482773,232.7608,0.902255639097748,8.96,1355.3,71.8,205.4366,1978,10,Q4
226,1978-11-01,5.9,6.098631361871702,236.4056,0.447093889716842,9.76,1358.1,72.1,208.5898,1978,11,Q4
227,1978-12-01,6.0,2.764280326349453,239.2864,0.445103857566767,10.03,1370.8,72.7,211.1615,1978,12,Q4
228,1979-01-01,5.9,-2.2994716791001046,241.3979,0.8862629246676551,10.07,1375.2,73.8,212.3857,1979,1,Q1
229,1979-02-01,5.9,-0.3213846958196988,244.1508,1.1713030746705602,10.06,1369.3,74.9,213.8618,1979,2,Q1
230,1979-03-01,5.8,2.3352323206800283,248.398,1.01302460202605,10.09,1384.0,75.8,215.6441,1979,3,Q1
231,1979-04-01,5.8,-4.27834278521478,254.4555,1.1461318051576,10.01,1408.4,76.9,217.9461,1979,4,Q2
232,1979-05-01,5.6,4.59465140281231,258.4396,1.27478753541075,10.24,1402.7,77.5,220.3175,1979,5,Q2
233,1979-06-01,5.7,3.173706703264026,262.6401,1.11888111888112,10.29,1422.5,78.0,223.5403,1979,6,Q2
234,1979-07-01,5.7,3.5300157739653986,266.1211,1.1065006915629398,10.47,1439.3,79.2,227.4577,1979,7,Q3
235,1979-08-01,6.0,2.142561833217083,268.4277,0.95759233926129,10.94,1444.3,79.6,230.4907,1979,8,Q3
236,1979-09-01,5.9,0.8114224740002323,274.0356,1.08401084010841,11.43,1454.5,80.9,233.9501,1979,9,Q3
237,1979-10-01,6.0,0.6573443495220377,276.4782,0.8042895442359109,13.77,1463.6,82.1,237.2765,1979,10,Q4
238,1979-11-01,5.9,0.3123265022571835,277.398,0.930851063829791,13.18,1466.4,82.6,239.6424,1979,11,Q4
239,1979-12-01,6.0,2.601711835178586,281.4954,1.0540184453228,13.78,1479.0,83.4,242.2443,1979,12,Q4
240,1980-01-01,6.3,4.282255258733162,283.6114,1.43415906127771,13.82,1486.2,85.2,244.6046,1980,1,Q1
241,1980-02-01,6.3,0.0061778774022926,285.8963,1.41388174807199,14.13,1486.3,86.9,247.2806,1980,2,Q1
242,1980-03-01,6.3,-7.029782812729798,289.9499,1.52091254752851,17.19,1497.2,87.5,248.95,1980,3,Q1
243,1980-04-01,6.9,-11.69073110074137,291.3123,1.1235955056179798,17.61,1507.7,87.8,250.4718,1980,4,Q2
244,1980-05-01,7.5,-10.745812960030264,287.5517,0.9876543209876422,10.98,1504.2,88.3,250.9973,1980,5,Q2
245,1980-06-01,7.6,-4.3488583831434005,286.2175,1.1002444987775102,9.47,1527.4,88.7,251.5739,1980,6,Q2
246,1980-07-01,7.8,0.4081520702852086,286.4328,0.0,9.03,1549.1,90.3,252.959,1980,7,Q3
247,1980-08-01,7.7,3.5437210855186527,289.1626,0.725513905683195,9.61,1560.7,91.5,254.5879,1980,8,Q3
248,1980-09-01,7.5,6.823253429699582,294.5091,0.840336134453769,10.87,1573.1,91.7,256.3733,1980,9,Q3
249,1980-10-01,7.5,7.084457135176845,300.3151,0.952380952380956,12.81,1588.5,92.8,258.8739,1980,10,Q4
250,1980-11-01,7.5,8.407654009959767,307.5325,0.825471698113211,15.85,1599.0,93.2,261.0355,1980,11,Q4
251,1980-12-01,7.2,11.29285204132558,313.8952,0.935672514619887,18.9,1604.8,93.8,262.9169,1980,12,Q4
252,1981-01-01,7.5,11.03281595869512,314.018,0.8111239860950211,19.08,1610.6,95.2,264.2437,1981,1,Q1
253,1981-02-01,7.4,4.4124341457693905,313.1112,1.03448275862069,15.93,1610.5,96.1,265.3123,1981,2,Q1
254,1981-03-01,7.4,-3.081594382422831,315.0266,0.6825938566552779,14.7,1633.2,97.0,266.6963,1981,3,Q1
255,1981-04-01,7.2,-6.955800064229096,319.153,0.677966101694918,15.72,1664.5,98.0,268.3321,1981,4,Q2
256,1981-05-01,7.5,-3.966126605099572,323.8737,0.7856341189674559,18.52,1655.4,98.3,270.8764,1981,5,Q2
257,1981-06-01,7.5,3.761073825457787,327.5085,0.8908685968819641,19.1,1667.1,98.5,272.9341,1981,6,Q2
258,1981-07-01,7.2,9.250666189804186,330.4298,1.1037527593819,19.04,1685.1,99.0,274.0923,1981,7,Q3
259,1981-08-01,7.4,6.087729334812572,334.109,0.76419213973798,17.82,1694.6,99.0,276.6466,1981,8,Q3
260,1981-09-01,7.6,-0.610004808681134,337.7755,0.975081256771402,15.87,1706.4,98.8,278.9393,1981,9,Q3
261,1981-10-01,7.9,-5.716412778789761,341.4819,0.214592274678112,15.08,1726.4,98.9,280.7071,1981,10,Q4
262,1981-11-01,8.3,-8.25565203197085,345.6835,0.3211991434689519,13.31,1741.0,98.8,282.1262,1981,11,Q4
263,1981-12-01,8.5,-10.629977202305508,352.2077,0.320170757737447,12.37,1760.3,98.8,284.3061,1981,12,Q4
264,1982-01-01,8.6,-10.676855922027372,356.088,0.319148936170214,13.22,1772.8,99.7,285.8828,1982,1,Q1
265,1982-02-01,8.9,2.061243435299202,360.4093,0.318133616118771,14.78,1765.3,99.8,287.6101,1982,2,Q1
266,1982-03-01,9.0,1.022598982407,364.6958,-0.105708245243129,14.68,1781.7,99.6,289.86,1982,3,Q1
267,1982-04-01,9.3,2.5454081222519593,371.6406,0.423280423280425,14.94,1807.9,99.6,291.3679,1982,4,Q2
268,1982-05-01,9.4,2.9473577801412687,376.083,0.948366701791363,14.45,1804.9,99.8,293.3497,1982,5,Q2
269,1982-06-01,9.6,-1.2429463471369315,380.188,1.25260960334028,14.15,1822.7,100.0,295.2047,1982,6,Q2
270,1982-07-01,9.8,-2.3259664001818026,383.0052,0.515463917525775,12.59,1835.0,100.4,295.3373,1982,7,Q3
271,1982-08-01,9.8,-3.573635346428439,383.4621,0.205128205128206,10.12,1845.9,100.3,296.7692,1982,8,Q3
272,1982-09-01,10.1,-0.1164047056180135,390.5845,0.2047082906857739,10.31,1859.0,100.0,298.3188,1982,9,Q3
273,1982-10-01,10.4,-0.4254114393303543,392.3137,0.306435137895813,9.71,1875.6,100.2,299.3195,1982,10,Q4
274,1982-11-01,10.8,1.9665723711534489,392.057,-0.203665987780042,9.2,1890.1,100.3,299.8272,1982,11,Q4
275,1982-12-01,10.8,2.579211100037094,393.9294,-0.4081632653061239,8.95,1913.8,100.5,300.4263,1982,12,Q4
276,1983-01-01,10.4,7.663161226516214,393.8202,0.204918032786886,8.68,1963.9,100.2,302.5889,1983,1,Q1
277,1983-02-01,10.4,3.9419032554770337,392.74,0.1022494887525569,8.51,1985.8,100.5,303.0637,1983,2,Q1
278,1983-03-01,10.3,9.15722593337263,394.7152,0.0,8.77,2009.6,100.4,303.7661,1983,3,Q1
279,1983-04-01,10.2,9.97320515002702,393.1306,0.715015321756898,8.8,2033.7,100.4,305.6363,1983,4,Q2
280,1983-05-01,10.1,9.794875003473724,392.0703,0.608519269776879,8.63,2031.7,100.8,307.7509,1983,5,Q2
281,1983-06-01,10.1,9.239260338094857,393.9743,0.3024193548387109,8.98,2051.8,101.0,310.4179,1983,6,Q2
282,1983-07-01,9.4,7.024595852521618,397.2038,0.402010050251258,9.37,2069.7,101.3,313.6817,1983,7,Q3
283,1983-08-01,9.5,6.239625067594153,399.2597,0.3003003003003019,9.56,2072.5,101.8,317.0374,1983,8,Q3
284,1983-09-01,9.2,9.383748074590107,401.8394,0.4990019960079729,9.45,2081.1,102.0,321.202,1983,9,Q3
285,1983-10-01,8.8,8.672474245713273,405.1769,0.297914597815294,9.48,2102.1,102.2,324.7947,1983,10,Q4
286,1983-11-01,8.5,7.818086239255441,409.4961,0.1980198019801989,9.34,2117.6,102.1,328.0689,1983,11,Q4
287,1983-12-01,8.3,7.693389740424939,415.685,0.0988142292490123,9.47,2134.0,102.3,331.1985,1983,12,Q4
288,1984-01-01,8.0,8.592230744477295,415.6482,0.592300098716673,9.56,2145.0,102.9,334.2795,1984,1,Q1
289,1984-02-01,7.8,7.274376729533293,422.8949,0.49067713444555,9.59,2147.7,103.2,337.3754,1984,2,Q1
290,1984-03-01,7.8,6.139358975525603,432.1394,0.195312500000001,9.91,2169.0,103.9,341.1516,1984,3,Q1
291,1984-04-01,7.7,7.3963324493197,438.9105,0.487329434697845,10.29,2196.0,104.0,345.3213,1984,4,Q2
292,1984-05-01,7.4,7.18182115034628,447.4604,0.2909796314258139,10.32,2191.4,104.1,349.0001,1984,5,Q2
293,1984-06-01,7.2,5.5967355018808025,451.703,0.290135396518364,11.06,2214.3,104.0,353.3175,1984,6,Q2
294,1984-07-01,7.5,3.1172139241300596,455.3442,0.385728061716492,11.23,2228.0,104.2,356.8347,1984,7,Q3
295,1984-08-01,7.5,2.521370984726009,456.2918,0.384245917387129,11.64,2228.9,103.8,360.6458,1984,8,Q3
296,1984-09-01,7.3,1.7705313539704048,460.8141,0.4784688995215329,11.3,2242.8,103.4,365.345,1984,9,Q3
297,1984-10-01,7.4,3.260863180928178,465.1443,0.285714285714287,9.99,2259.7,103.4,368.5313,1984,10,Q4
298,1984-11-01,7.2,4.830567247912791,470.428,0.0,9.43,2286.3,103.7,373.239,1984,11,Q4
299,1984-12-01,7.3,3.90623200661546,475.1162,0.0,8.38,2318.5,103.5,377.1446,1984,12,Q4
300,1985-01-01,7.3,3.591634689808469,472.4811,0.189933523266857,8.35,2339.6,103.4,379.6286,1985,1,Q1
301,1985-02-01,7.2,3.7284436005646406,476.6542,0.473933649289102,8.5,2343.4,103.3,382.6047,1985,2,Q1
302,1985-03-01,7.2,3.831504522374569,483.2645,0.377358490566039,8.58,2360.4,103.1,385.8497,1985,3,Q1
303,1985-04-01,7.3,2.0266766647672014,482.9894,0.469924812030065,8.27,2379.7,103.3,389.4267,1985,4,Q2
304,1985-05-01,7.2,4.656816355215493,483.8545,0.37418147801684,7.97,2376.4,103.5,393.7881,1985,5,Q2
305,1985-06-01,7.4,4.787297780021989,484.3941,0.279589934762362,7.53,2413.4,103.3,397.614,1985,6,Q2
306,1985-07-01,7.4,6.989432358632568,485.3846,0.185873605947956,7.88,2434.8,103.2,401.4384,1985,7,Q3
307,1985-08-01,7.1,7.780468087219203,486.1191,0.1855287569573289,7.9,2442.5,102.7,405.7262,1985,8,Q3
308,1985-09-01,7.1,3.7916019251387727,490.4001,0.2777777777777669,7.92,2452.7,102.1,410.0033,1985,9,Q3
309,1985-10-01,7.1,0.4354600055158037,489.9881,0.3693444136657449,7.99,2466.3,102.9,415.2437,1985,10,Q4
310,1985-11-01,7.0,2.749830860503492,495.0879,0.275988960441584,8.05,2482.0,103.4,419.4549,1985,11,Q4
311,1985-12-01,7.0,4.508808641935035,500.597,0.275229357798166,8.27,2504.1,103.6,423.7357,1985,12,Q4
312,1986-01-01,6.7,6.288161387380644,500.0338,0.274473924977128,8.14,2510.8,103.2,427.7288,1986,1,Q1
313,1986-02-01,7.2,1.2557888544145914,501.7251,-0.273722627737227,7.86,2502.1,101.7,431.3715,1986,2,Q1
314,1986-03-01,7.2,0.2993421435692167,508.3436,-0.4574565416285349,7.48,2527.6,100.3,435.5675,1986,3,Q1
315,1986-04-01,7.1,2.60246765660717,511.6836,-0.183823529411765,6.99,2564.8,99.6,440.6955,1986,4,Q2
316,1986-05-01,7.2,1.7214444217788507,511.2438,0.2762430939226409,6.85,2571.1,100.0,446.0459,1986,5,Q2
317,1986-06-01,7.2,3.070793688577662,513.3077,0.550964187327826,6.92,2605.3,99.9,451.2151,1986,6,Q2
318,1986-07-01,7.0,4.911296172229691,511.4799,0.0,6.56,2632.4,99.4,457.4938,1986,7,Q3
319,1986-08-01,6.9,3.846719474618213,511.4246,0.182648401826473,6.17,2645.9,99.3,463.9121,1986,8,Q3
320,1986-09-01,7.0,3.995420040006154,513.6067,0.4557885141294579,5.89,2661.7,99.4,469.6632,1986,9,Q3
321,1986-10-01,7.0,0.2686016763394074,514.464,0.0907441016333822,5.85,2684.4,99.7,474.9943,1986,10,Q4
322,1986-11-01,6.9,1.2514797908256905,521.9787,0.090661831369006,6.04,2705.2,99.8,480.2079,1986,11,Q4
323,1986-12-01,6.6,4.115445629698303,540.9673,0.090579710144916,6.91,2740.7,99.7,491.7181,1986,12,Q4
324,1987-01-01,6.6,-0.4198428960247002,548.0679,0.633484162895942,6.43,2753.5,100.5,503.0714,1987,1,Q1
325,1987-02-01,6.6,7.130816886240413,547.4628,0.359712230215829,6.1,2735.2,101.0,507.3414,1987,2,Q1
326,1987-03-01,6.6,4.133763593369348,551.2035,0.4480286738351149,6.13,2748.0,101.2,514.8042,1987,3,Q1
327,1987-04-01,6.3,4.429350873182051,553.7675,0.535236396074935,6.37,2778.9,101.9,523.4676,1987,4,Q2
328,1987-05-01,6.3,3.7709629734752697,555.1597,0.3549245785270639,6.85,2759.7,102.6,531.4877,1987,5,Q2
329,1987-06-01,6.2,2.3825390724255717,556.7288,0.353669319186562,6.73,2773.4,103.0,541.7932,1987,6,Q2
330,1987-07-01,6.1,2.6823441674854474,552.098,0.26431718061673,6.58,2785.2,103.5,550.1297,1987,7,Q3
331,1987-08-01,6.0,3.430157808978883,550.7233,0.5272407732864579,6.73,2787.5,103.8,557.198,1987,8,Q3
332,1987-09-01,5.9,7.613568678939477,557.0195,0.524475524475527,7.22,2793.3,103.7,563.9049,1987,9,Q3
333,1987-10-01,6.0,9.378784564621132,560.2135,0.260869565217404,7.29,2811.2,104.1,572.0922,1987,10,Q4
334,1987-11-01,5.8,5.970451251590918,560.9244,0.0867302688638224,6.69,2821.6,104.2,578.7135,1987,11,Q4
335,1987-12-01,5.7,2.548331854118246,566.5206,0.0,6.77,2838.3,104.2,586.4998,1987,12,Q4
336,1988-01-01,5.7,-1.1943068769719156,565.7276,0.259965337954952,6.83,2857.2,104.6,591.1946,1988,1,Q1
337,1988-02-01,5.7,2.663074934163343,568.3614,0.259291270527215,6.58,2858.8,104.8,594.2187,1988,2,Q1
338,1988-03-01,5.7,5.761094980897671,574.0948,0.4310344827586339,6.58,2886.7,104.9,599.3959,1988,3,Q1
339,1988-04-01,5.4,6.574273697381418,581.6184,0.5150214592274699,6.87,2925.3,105.8,607.4334,1988,4,Q2
340,1988-05-01,5.6,4.876585021774366,587.5862,0.3415883859948779,7.09,2910.7,106.5,615.6095,1988,5,Q2
341,1988-06-01,5.4,3.338844151957891,591.1796,0.4255319148936079,7.51,2935.3,107.2,622.8523,1988,6,Q2
342,1988-07-01,5.4,0.5316384278868576,592.7022,0.423728813559324,7.75,2953.2,107.9,630.5427,1988,7,Q3
343,1988-08-01,5.6,1.926588919964769,591.5174,0.4219409282700329,8.01,2949.8,108.0,638.2505,1988,8,Q3
344,1988-09-01,5.4,4.026437671274152,591.2183,0.6722689075630279,8.19,2950.1,108.1,645.2028,1988,9,Q3
345,1988-10-01,5.4,6.393046279331706,596.66,0.333889816360602,8.3,2962.0,108.2,653.1645,1988,10,Q4
346,1988-11-01,5.3,6.053104528488831,599.9527,0.0831946755407767,8.35,2982.7,108.3,658.5195,1988,11,Q4
347,1988-12-01,5.3,6.387239496405335,605.7564,0.166251039068995,8.76,3000.6,109.0,664.1659,1988,12,Q4
348,1989-01-01,5.4,4.1528854877879855,604.1324,0.497925311203322,9.12,2998.9,110.5,675.7164,1989,1,Q1
349,1989-02-01,5.2,1.167688044434808,616.6014,0.41288191577208,9.36,2982.6,110.8,680.7852,1989,2,Q1
350,1989-03-01,5.0,2.7765525744963067,619.1875,0.5756578947368549,9.85,2999.0,111.5,686.5297,1989,3,Q1
351,1989-04-01,5.2,4.084366078695556,623.4407,0.6541291905151291,9.84,3023.2,112.3,696.4856,1989,4,Q2
352,1989-05-01,5.2,2.490462901785782,628.1248,0.56864337936636,9.81,2996.0,113.2,703.7501,1989,5,Q2
353,1989-06-01,5.3,3.424252444776937,626.4638,0.242326332794821,9.53,3022.6,112.9,711.9743,1989,6,Q2
354,1989-07-01,5.2,2.2813686240945708,629.9924,0.241740531829182,9.24,3055.6,112.8,721.0008,1989,7,Q3
355,1989-08-01,5.2,5.215855277230515,632.4577,0.160771704180044,8.99,3071.1,112.0,731.3223,1989,8,Q3
356,1989-09-01,5.3,-0.0593021899868597,632.8844,0.321027287319424,9.02,3086.3,112.4,740.3111,1989,9,Q3
357,1989-10-01,5.3,-1.5202373341730784,637.2803,0.480000000000002,8.84,3109.3,112.8,747.2852,1989,10,Q4
358,1989-11-01,5.4,1.4584682974616776,639.0977,0.2388535031847039,8.55,3136.0,112.7,754.9885,1989,11,Q4
359,1989-12-01,5.4,3.6529826544419297,638.3891,0.158856235107229,8.45,3165.6,113.0,761.4448,1989,12,Q4
360,1990-01-01,5.4,5.293970343092003,632.9655,1.03092783505156,8.23,3170.4,114.9,764.725,1990,1,Q1
361,1990-02-01,5.3,5.625517946401293,635.8008,0.470957613814759,8.24,3170.5,114.4,771.942,1990,2,Q1
362,1990-03-01,5.2,3.225999388562649,641.1962,0.546874999999992,8.28,3192.6,114.2,778.9809,1990,3,Q1
363,1990-04-01,5.4,-0.9592841995279184,645.2505,0.155400155400176,8.26,3219.8,114.1,786.8497,1990,4,Q2
364,1990-05-01,5.4,1.0567828144355689,643.4183,0.2327385570209169,8.18,3186.7,114.6,797.4075,1990,5,Q2
365,1990-06-01,5.2,1.7410830809201296,643.5061,0.5417956656347079,8.29,3210.8,114.3,805.83,1990,6,Q2
366,1990-07-01,5.5,0.160051333969331,639.0777,0.384911470361808,8.15,3224.5,114.5,814.6375,1990,7,Q3
367,1990-08-01,5.7,0.215923506778207,637.7593,0.92024539877301,8.13,3238.7,116.5,819.8202,1990,8,Q3
368,1990-09-01,5.9,-3.0598125770077687,635.4856,0.83586626139817,8.2,3249.0,118.4,824.3808,1990,9,Q3
369,1990-10-01,5.9,-4.299999143833842,635.6388,0.602863602110005,8.11,3253.7,120.8,831.4768,1990,10,Q4
370,1990-11-01,6.2,-5.546176056951492,638.9922,0.224719101123606,7.81,3265.3,120.1,837.2733,1990,11,Q4
371,1990-12-01,6.3,-3.0411151425737195,641.9638,0.0,7.31,3285.1,118.7,843.814,1990,12,Q4
372,1991-01-01,6.4,-2.186117031865468,633.1742,0.5979073243647061,6.91,3289.3,119.0,845.3875,1991,1,Q1
373,1991-02-01,6.6,0.0938419647406156,635.0636,0.1485884101040319,6.25,3296.3,117.2,848.6592,1991,2,Q1
374,1991-03-01,6.8,1.1093249256694138,638.2928,0.1483679525222559,6.12,3327.3,116.2,854.2907,1991,3,Q1
375,1991-04-01,6.7,4.887124453277778,635.7611,0.148148148148129,5.91,3349.5,116.0,858.5403,1991,4,Q2
376,1991-05-01,6.9,4.268401876219531,631.0703,0.295857988165682,5.78,3330.3,116.5,861.9788,1991,5,Q2
377,1991-06-01,6.9,2.451476315682698,628.1952,0.294985250737484,5.9,3349.7,116.4,866.1254,1991,6,Q2
378,1991-07-01,6.8,1.9807850841880328,622.6579,0.147058823529393,5.82,3354.4,116.1,864.6953,1991,7,Q3
379,1991-08-01,6.9,0.5902530451629797,615.8168,0.293685756240824,5.66,3351.4,116.2,864.0423,1991,8,Q3
380,1991-09-01,6.9,1.8582565105303392,616.7396,0.439238653001466,5.45,3347.6,116.1,865.4474,1991,9,Q3
381,1991-10-01,7.0,0.7818859242573244,618.8955,0.145772594752206,5.21,3353.8,116.4,868.0981,1991,10,Q4
382,1991-11-01,7.0,1.7480177020909191,618.2401,0.291120815138284,4.81,3371.2,116.4,870.4257,1991,11,Q4
383,1991-12-01,7.3,2.3652321466271777,618.3621,0.0725689404934595,4.43,3386.4,115.9,870.7876,1991,12,Q4
384,1992-01-01,7.3,6.149843131654345,610.8545,0.145032632342278,4.03,3383.2,115.6,870.1207,1992,1,Q1
385,1992-02-01,7.4,6.199753587383128,609.2603,0.362056480810998,4.06,3390.1,116.0,870.3462,1992,2,Q1
386,1992-03-01,7.4,5.515599742300229,610.5367,0.5050505050505361,3.98,3404.8,116.1,871.2985,1992,3,Q1
387,1992-04-01,7.4,4.005192871585927,608.7587,0.143575017946859,3.73,3418.9,116.3,878.8562,1992,4,Q2
388,1992-05-01,7.6,2.9083472245889226,605.3502,0.143369175627241,3.82,3388.0,117.2,880.9238,1992,5,Q2
389,1992-06-01,7.8,3.763800314743812,602.7208,0.3579098067286961,3.76,3388.7,118.0,879.5056,1992,6,Q2
390,1992-07-01,7.7,4.84274753741067,598.8481,0.213980028530681,3.25,3393.2,117.9,878.8247,1992,7,Q3
391,1992-08-01,7.6,2.596219046008565,594.5844,0.284697508896798,3.3,3396.5,117.7,880.4345,1992,8,Q3
392,1992-09-01,7.6,5.260133428556112,594.7444,0.283889283179561,3.22,3401.2,118.0,884.0431,1992,9,Q3
393,1992-10-01,7.3,5.2872375462255565,594.7105,0.353857041755123,3.1,3418.7,118.1,888.1187,1992,10,Q4
394,1992-11-01,7.4,3.256661151987546,596.3976,0.141043723554302,3.09,3433.4,117.8,890.6699,1992,11,Q4
395,1992-12-01,7.4,1.8312050748349784,596.0031,-0.0704225352112772,2.92,3441.3,117.6,890.8834,1992,12,Q4
396,1993-01-01,7.3,-0.4337346866868117,593.2091,0.4933051444679279,3.02,3423.6,118.0,885.8091,1993,1,Q1
397,1993-02-01,7.1,-0.2146408265294366,593.4956,0.350631136044892,3.03,3400.7,118.4,884.0994,1993,2,Q1
398,1993-03-01,7.0,0.8412527260083249,594.4078,0.34940600978336,3.07,3410.5,118.7,886.0253,1993,3,Q1
399,1993-04-01,7.1,4.0783434233942275,590.0208,0.278551532033427,2.96,3430.4,119.3,890.1302,1993,4,Q2
400,1993-05-01,7.1,2.8750132667882027,591.2285,0.138888888888889,3.0,3425.0,119.7,896.5726,1993,5,Q2
401,1993-06-01,7.0,1.4200470435812824,591.8446,0.138696255201128,3.04,3439.5,119.5,902.1046,1993,6,Q2
402,1993-07-01,6.9,0.8176415349133883,587.601,0.0,3.06,3442.6,119.2,904.6751,1993,7,Q3
403,1993-08-01,6.8,1.8272214852645676,584.6127,0.2770083102493089,3.03,3440.9,118.7,907.7069,1993,8,Q3
404,1993-09-01,6.7,5.328131445095135,581.8573,0.207182320441981,3.09,3443.5,118.7,911.996,1993,9,Q3
405,1993-10-01,6.8,6.806926658238196,581.7561,0.413507925568557,2.99,3452.7,119.1,917.353,1993,10,Q4
406,1993-11-01,6.6,5.609192931478943,583.1517,0.0686341798215785,3.02,3474.7,119.0,923.0157,1993,11,Q4
407,1993-12-01,6.5,4.519053239974969,582.8848,0.0,2.96,3495.1,118.6,932.1616,1993,12,Q4
408,1994-01-01,6.6,1.990443059648241,585.5685,0.274348422496554,3.05,3480.1,119.1,930.0397,1994,1,Q1
409,1994-02-01,6.6,3.211229142245167,588.6758,0.34199726402188,3.25,3459.7,119.3,926.9809,1994,2,Q1
410,1994-03-01,6.5,7.713995194095159,597.8574,0.340831629175198,3.34,3477.2,119.7,927.4581,1994,3,Q1
411,1994-04-01,6.4,5.90208543454999,605.0496,0.135869565217392,3.56,3503.1,119.7,932.4176,1994,4,Q2
412,1994-05-01,6.1,4.667630037374401,608.3717,0.0678426051560472,4.01,3474.5,119.9,937.0955,1994,5,Q2
413,1994-06-01,6.1,2.79615031913298,610.4947,0.33898305084745,4.25,3477.4,120.5,943.9472,1994,6,Q2
414,1994-07-01,6.1,0.3757260393380255,615.957,0.270270270270271,4.26,3491.5,120.7,951.7214,1994,7,Q3
415,1994-08-01,6.0,2.970654593188834,618.2437,0.4043126684636139,4.47,3481.6,121.2,958.3951,1994,8,Q3
416,1994-09-01,5.9,3.650435971305484,621.3604,0.268456375838927,4.73,3476.8,121.0,966.801,1994,9,Q3
417,1994-10-01,5.8,5.580888703628671,629.5241,0.0669344042838109,4.76,3478.2,120.9,973.9983,1994,10,Q4
418,1994-11-01,5.6,5.093052997066749,637.2752,0.13377926421403,5.29,3491.8,121.5,981.8181,1994,11,Q4
419,1994-12-01,5.5,3.7878358789759217,642.6727,0.0,5.45,3507.8,121.9,991.6256,1994,12,Q4
420,1995-01-01,5.6,0.2598528121942545,652.7363,0.400801603206414,5.53,3495.3,122.9,997.9298,1995,1,Q1
421,1995-02-01,5.4,-0.5910767358452906,667.9365,0.3992015968063889,5.92,3474.9,123.5,1003.8502,1995,2,Q1
422,1995-03-01,5.4,0.5091614536170739,676.6338,0.331345261762749,5.98,3491.7,123.9,1008.5446,1995,3,Q1
423,1995-04-01,5.8,0.5189786799670637,682.8063,0.330250990752982,6.05,3522.4,124.6,1016.34,1995,4,Q2
424,1995-05-01,5.6,2.5765462210189263,690.2417,0.197498354180374,6.01,3506.7,124.9,1024.066,1995,5,Q2
425,1995-06-01,5.6,3.564118532265944,692.1632,0.197109067017092,6.0,3545.5,125.3,1033.8661,1995,6,Q2
426,1995-07-01,5.7,2.2126113930408993,697.2989,0.0,5.85,3569.7,125.3,1044.6327,1995,7,Q3
427,1995-08-01,5.7,5.247879885129295,697.5647,0.2622950819672139,5.74,3585.2,125.1,1050.7308,1995,8,Q3
428,1995-09-01,5.6,3.661717498690418,702.3079,0.196206671026807,5.8,3594.6,125.2,1056.8521,1995,9,Q3
429,1995-10-01,5.5,1.2937353923580657,704.6163,0.326370757180149,5.76,3602.3,125.3,1059.9774,1995,10,Q4
430,1995-11-01,5.6,2.5186866521066884,711.5602,-0.0650618087182741,5.8,3622.9,125.4,1064.9765,1995,11,Q4
431,1995-12-01,5.6,2.8878752150759506,714.2085,-0.0651041666666584,5.6,3653.3,125.7,1066.3158,1995,12,Q4
432,1996-01-01,5.6,0.0560740966846786,720.3786,0.586319218241036,5.56,3651.3,126.3,1070.0721,1996,1,Q1
433,1996-02-01,5.5,5.913728196671901,726.2534,0.3238341968912019,5.22,3647.5,126.2,1069.5359,1996,2,Q1
434,1996-03-01,5.5,6.559311920501694,730.2725,0.516462233699146,5.31,3694.0,126.4,1072.055,1996,3,Q1
435,1996-04-01,5.6,7.533518957362784,737.5891,0.385356454720635,5.22,3720.6,127.4,1075.5403,1996,4,Q2
436,1996-05-01,5.6,6.872126283554983,740.5124,0.191938579654503,5.24,3690.1,128.1,1077.4522,1996,5,Q2
437,1996-06-01,5.3,4.166943313750566,742.6982,0.0638569604086764,5.27,3721.0,128.0,1083.0304,1996,6,Q2
438,1996-07-01,5.5,1.8519590660890588,742.7408,0.191448627951509,5.4,3734.1,128.0,1080.7137,1996,7,Q3
439,1996-08-01,5.1,3.3290840783441222,741.4776,0.19108280254778,5.22,3741.6,128.3,1091.1147,1996,8,Q3
440,1996-09-01,5.2,4.75255133751266,755.0209,0.317863954227583,5.3,3744.2,128.2,1098.3514,1996,9,Q3
441,1996-10-01,5.2,4.826915040264205,764.9315,0.316856780735101,5.24,3758.7,128.0,1107.3145,1996,10,Q4
442,1996-11-01,5.4,4.534777266535213,771.394,0.1895135818066889,5.31,3797.2,128.2,1116.1125,1996,11,Q4
443,1996-12-01,5.4,0.8003681797037316,778.4343,0.0,5.29,3839.8,129.1,1127.5327,1996,12,Q4
444,1997-01-01,5.3,0.3616527956349333,781.1222,0.315258511979816,5.25,3839.5,129.7,1132.1863,1997,1,Q1
445,1997-02-01,5.2,4.8014115862010955,791.9474,0.314267756128231,5.19,3835.1,128.5,1133.3495,1997,2,Q1
446,1997-03-01,5.2,6.338837105249544,798.2926,0.250626566416041,5.39,3873.2,127.3,1142.3273,1997,3,Q1
447,1997-04-01,5.1,7.711030057804749,809.4824,0.124999999999984,5.51,3905.7,127.0,1156.6956,1997,4,Q2
448,1997-05-01,4.9,6.630887496545622,813.3899,-0.0624219725343241,5.5,3869.4,127.4,1167.8155,1997,5,Q2
449,1997-06-01,5.0,5.565774962699022,814.5937,0.124921923797643,5.56,3899.5,127.2,1181.3115,1997,6,Q2
450,1997-07-01,4.9,5.271127305921642,813.0479,0.124766063630677,5.52,3918.5,126.9,1190.1772,1997,7,Q3
451,1997-08-01,4.8,3.726989947369386,814.8431,0.186915887850476,5.54,3953.2,127.2,1198.7822,1997,8,Q3
452,1997-09-01,4.9,3.643642572679216,826.4716,0.248756218905457,5.54,3961.5,127.5,1210.525,1997,9,Q3
453,1997-10-01,4.7,2.926271406099614,833.4817,0.248138957816378,5.5,3977.2,127.8,1216.8515,1997,10,Q4
454,1997-11-01,4.6,3.609924513260171,839.5687,-0.061881188118804,5.52,4015.8,127.9,1223.4858,1997,11,Q4
455,1997-12-01,4.7,3.5998576634724015,845.8462,-0.12383900928791,5.5,4055.1,126.8,1225.9171,1997,12,Q4
456,1998-01-01,4.6,4.227279806882386,854.4371,0.185988840669536,5.56,4062.5,125.4,1227.2205,1998,1,Q1
457,1998-02-01,4.6,4.558865533376526,865.7589,0.185643564356445,5.51,4080.1,125.0,1236.0256,1998,2,Q1
458,1998-03-01,4.7,3.3324201113439096,868.5829,0.1852995676343349,5.49,4131.7,124.7,1246.8187,1998,3,Q1
459,1998-04-01,4.3,3.4365113764251127,869.8634,0.184956843403215,5.45,4174.6,124.9,1254.3683,1998,4,Q2
460,1998-05-01,4.4,4.2614078237980335,880.3609,0.184615384615393,5.49,4144.0,125.1,1255.7779,1998,5,Q2
461,1998-06-01,4.5,3.116363315615182,892.1138,0.1228501228501229,5.56,4174.6,124.8,1258.2012,1998,6,Q2
462,1998-07-01,4.5,4.091420418077296,893.0475,0.1226993865030519,5.54,4193.2,124.9,1265.1169,1998,7,Q3
463,1998-08-01,4.5,7.808806378836557,895.4415,0.12254901960786,5.55,4220.3,124.2,1274.395,1998,8,Q3
464,1998-09-01,4.6,6.677186263357546,908.9118,0.122399020807818,5.51,4254.4,123.8,1277.243,1998,9,Q3
465,1998-10-01,4.5,7.21876157098859,931.081,0.24449877750613,5.07,4291.4,124.0,1285.3074,1998,10,Q4
466,1998-11-01,4.4,5.169159653819645,941.9991,0.0,4.83,4345.9,123.6,1306.8243,1998,11,Q4
467,1998-12-01,4.4,4.306999072752876,940.1708,-0.0609756097561058,4.68,4399.6,122.8,1317.3062,1998,12,Q4
468,1999-01-01,4.3,3.146782475648271,936.6691,0.244051250762677,4.63,4409.5,122.9,1320.7727,1999,1,Q1
469,1999-02-01,4.4,4.0087607040371145,940.1176,0.121728545343868,4.76,4418.7,122.3,1318.9785,1999,2,Q1
470,1999-03-01,4.2,2.4133439279314763,946.9501,0.303951367781164,4.81,4455.6,122.6,1321.1179,1999,3,Q1
471,1999-04-01,4.3,2.8297593626824056,952.9272,0.7272727272727141,4.74,4501.4,123.6,1326.9637,1999,4,Q2
472,1999-05-01,4.2,4.305187447560518,947.2921,0.0,4.74,4464.1,124.7,1337.4576,1999,5,Q2
473,1999-06-01,4.3,3.9772321808866655,950.8006,0.0,4.76,4494.7,125.2,1343.5433,1999,6,Q2
474,1999-07-01,4.3,5.265503764422824,953.2766,0.300842358604085,4.99,4519.6,125.7,1353.3624,1999,7,Q3
475,1999-08-01,4.2,6.262706011042914,960.2613,0.2399520095980969,5.07,4539.4,126.9,1371.8349,1999,8,Q3
476,1999-09-01,4.2,6.857100330176518,971.3059,0.478755236385384,5.22,4553.1,128.0,1390.7791,1999,9,Q3
477,1999-10-01,4.1,8.943135178438249,977.675,0.178677784395466,5.2,4574.8,127.7,1413.0936,1999,10,Q4
478,1999-11-01,4.1,5.22154915937571,999.7367,0.0594530321046454,5.42,4610.2,128.3,1429.8947,1999,11,Q4
479,1999-12-01,4.0,1.3328509504900543,1002.0151,0.0,5.3,4664.5,127.8,1467.2083,1999,12,Q4
480,2000-01-01,4.0,-1.5402973277952894,1002.4454,0.297088532382659,5.45,4672.6,128.3,1485.1328,2000,1,Q1
481,2000-02-01,4.1,0.5755712648735907,1021.3223,0.5924170616113771,5.73,4674.4,129.8,1490.7678,2000,2,Q1
482,2000-03-01,4.0,8.602028141775298,1029.2104,0.8244994110718371,5.85,4736.0,130.8,1512.2699,2000,3,Q1
483,2000-04-01,3.8,10.803634978088422,1041.3789,0.058411214953279,6.02,4806.1,130.7,1534.3435,2000,4,Q2
484,2000-05-01,4.0,6.376116284364212,1058.218,0.116754232340923,6.27,4732.3,131.6,1560.8429,2000,5,Q2
485,2000-06-01,4.0,2.043825954334942,1063.6394,0.524781341107882,6.53,4757.7,133.8,1579.7148,2000,6,Q2
486,2000-07-01,4.0,-3.042228478893267,1062.9152,0.23201856148492,6.54,4773.9,133.7,1599.2157,2000,7,Q3
487,2000-08-01,4.1,-1.0082071597506397,1062.8728,0.0,6.5,4804.4,132.9,1615.3362,2000,8,Q3
488,2000-09-01,3.9,4.346019766060076,1068.5774,0.5208333333333119,6.52,4840.0,134.7,1627.3324,2000,9,Q3
489,2000-10-01,3.9,3.7663694522395534,1076.2505,0.1727115716753109,6.51,4853.9,135.4,1628.1265,2000,10,Q4
490,2000-11-01,3.9,2.075577635187946,1079.5047,0.0574712643678088,6.51,4882.0,135.0,1641.8589,2000,11,Q4
491,2000-12-01,3.9,-1.6926984892031802,1085.8334,-0.0574382538770748,6.4,4953.0,136.2,1646.2971,2000,12,Q4
492,2001-01-01,4.2,-3.3928688184124445,1092.6257,0.632183908045972,5.98,4979.0,140.0,1645.965,2001,1,Q1
493,2001-02-01,4.2,-1.4668984339808766,1099.4252,0.39977155910909,5.49,5008.0,137.4,1653.4572,2001,2,Q1
494,2001-03-01,4.3,2.588150720822438,1095.3238,0.2275312855517489,5.31,5098.3,135.9,1662.2295,2001,3,Q1
495,2001-04-01,4.4,4.218396141019472,1095.5755,0.3972758229285,4.8,5174.1,136.4,1674.2182,2001,4,Q2
496,2001-05-01,4.3,3.675914092006116,1090.9447,0.4522328999434579,4.21,5111.2,136.8,1690.8677,2001,5,Q2
497,2001-06-01,4.5,-1.2976339758473223,1073.1209,0.16882386043895,3.97,5160.6,135.5,1693.3104,2001,6,Q2
498,2001-07-01,4.6,-3.2864271975098527,1058.8788,-0.2808988764044881,3.77,5189.2,133.4,1700.9078,2001,7,Q3
499,2001-08-01,4.9,-1.986132998136526,1048.3954,0.0,3.65,5225.0,133.4,1705.21,2001,8,Q3
500,2001-09-01,5.0,-1.7066447850328652,1054.9491,0.450704225352114,3.07,5336.6,133.3,1717.7826,2001,9,Q3
501,2001-10-01,5.3,2.610682093213721,1041.8392,-0.33651149747618,2.49,5321.7,130.3,1721.9818,2001,10,Q4
502,2001-11-01,5.5,2.1366885998456633,1032.683,-0.168823860438935,2.09,5384.7,129.8,1747.9837,2001,11,Q4
503,2001-12-01,5.7,3.1829687433649037,1021.7855,-0.394588500563707,1.82,5465.0,128.1,1765.4254,2001,12,Q4
504,2002-01-01,5.7,4.0295779398636835,1010.8526,0.2263723825693279,1.73,5451.0,128.5,1759.5983,2002,1,Q1
505,2002-02-01,5.7,3.6308530566557287,1021.0308,0.395256916996071,1.74,5470.4,128.4,1764.3547,2002,2,Q1
506,2002-03-01,5.7,2.127824359172591,1014.8204,0.562429696287966,1.73,5519.2,129.8,1764.4286,2002,3,Q1
507,2002-04-01,5.9,2.574078899879294,1006.212,0.559284116331084,1.75,5533.4,130.8,1772.8266,2002,4,Q2
508,2002-05-01,5.8,1.929768729231785,997.3295,0.0,1.75,5499.8,130.8,1785.8934,2002,5,Q2
509,2002-06-01,5.8,2.506155538166821,985.0384,0.0556173526140231,1.75,5537.8,130.9,1810.4563,2002,6,Q2
510,2002-07-01,5.8,1.5179779747924926,972.4925,0.111172873818774,1.73,5578.7,131.2,1835.9543,2002,7,Q3
511,2002-08-01,5.7,1.597603590908336,966.892,0.333148250971684,1.74,5621.7,131.5,1868.5377,2002,8,Q3
512,2002-09-01,5.7,-0.0827068489578741,962.7299,0.16602102933039,1.75,5646.5,132.3,1906.8893,2002,9,Q3
513,2002-10-01,5.7,-0.3337927927852102,959.7806,0.165745856353599,1.75,5685.3,133.2,1954.2391,2002,10,Q4
514,2002-11-01,5.9,1.755992197824671,959.1448,0.0,1.34,5757.5,133.1,1991.7062,2002,11,Q4
515,2002-12-01,6.0,0.5173728801597695,957.4304,-0.220628792057364,1.24,5804.0,132.9,2017.2374,2002,12,Q4
516,2003-01-01,5.8,3.1762015634449376,949.3908,0.442233278054161,1.24,5793.5,135.3,2037.6071,2003,1,Q1
517,2003-02-01,5.9,1.8666752717436077,944.9444,0.770500825536602,1.26,5820.8,137.6,2063.5531,2003,2,Q1
518,2003-03-01,5.9,2.8416170663199005,939.7252,0.600764609502999,1.25,5882.1,141.2,2073.3835,2003,3,Q1
519,2003-04-01,6.0,2.349373568331071,940.263,-0.2171552660151869,1.26,5938.5,136.8,2094.6176,2003,4,Q2
520,2003-05-01,6.1,5.0838191043263095,929.3242,-0.163220892274219,1.26,5938.2,136.7,2125.4709,2003,5,Q2
521,2003-06-01,6.3,6.994518875761065,918.4493,0.108991825613079,1.22,5992.4,138.0,2143.9296,2003,6,Q2
522,2003-07-01,6.2,7.447165854989648,918.0266,0.1088731627653789,1.01,6035.3,137.7,2177.9192,2003,7,Q3
523,2003-08-01,6.1,5.920480853319658,905.5974,0.380641653072316,1.03,6091.8,138.0,2224.3492,2003,8,Q3
524,2003-09-01,6.1,6.123678670001819,897.1327,0.3250270855904669,1.01,6063.9,138.5,2242.3954,2003,9,Q3
525,2003-10-01,6.0,4.579414151173176,884.2881,-0.107991360691145,1.01,6048.3,139.3,2222.8406,2003,10,Q4
526,2003-11-01,5.8,3.825287080303874,880.5929,-0.2702702702702639,1.0,6077.0,138.9,2215.1611,2003,11,Q4
527,2003-12-01,5.7,1.9938402718082424,883.444,-0.108401084010841,0.98,6098.6,139.5,2214.0218,2003,12,Q4
528,2004-01-01,5.7,1.2251940687332203,875.8919,0.48833423765599,1.0,6058.9,141.4,2227.2603,2004,1,Q1
529,2004-02-01,5.6,2.4921316610775635,876.8264,0.5399568034557121,1.01,6089.0,142.1,2246.5467,2004,2,Q1
530,2004-03-01,5.8,3.864284485633953,870.79,0.644468313641263,1.0,6168.5,143.1,2276.4245,2004,3,Q1
531,2004-04-01,5.6,2.37986494130116,868.5807,0.320170757737461,1.0,6235.9,144.8,2329.5593,2004,4,Q2
532,2004-05-01,5.6,3.741187124231626,866.9749,0.585106382978719,1.0,6249.6,146.8,2377.5348,2004,5,Q2
533,2004-06-01,5.6,2.9550617935364287,869.94,0.317292437863566,1.03,6272.8,147.2,2404.0447,2004,6,Q2
534,2004-07-01,5.5,4.46084686420248,874.8297,-0.158144438587237,1.26,6279.1,147.4,2415.7929,2004,7,Q3
535,2004-08-01,5.4,3.7894886722438983,879.6647,0.0527983104540587,1.43,6300.9,148.0,2441.579,2004,8,Q3
536,2004-09-01,5.4,3.359476114903204,884.8778,0.211081794195252,1.61,6334.0,147.7,2474.2959,2004,9,Q3
537,2004-10-01,5.5,4.083734031431372,887.5591,0.526592943654557,1.76,6355.6,150.0,2506.0408,2004,10,Q4
538,2004-11-01,5.4,3.8868417610435424,896.8835,0.0523834468308086,1.93,6405.1,151.4,2539.1992,2004,11,Q4
539,2004-12-01,5.4,6.017086059943595,906.877,-0.366492146596853,2.16,6447.4,150.2,2558.1693,2004,12,Q4
540,2005-01-01,5.3,5.142936442447969,921.2617,0.2101944298475959,2.28,6404.1,150.9,2577.6778,2005,1,Q1
541,2005-02-01,5.4,3.7885791127974446,933.6356,0.576822233875206,2.5,6405.7,151.6,2599.0931,2005,2,Q1
542,2005-03-01,5.2,0.7794714270731595,946.6581,0.782064650677772,2.63,6464.9,153.7,2636.0575,2005,3,Q1
543,2005-04-01,5.2,1.924917488939831,962.1103,0.672529746508014,2.79,6508.3,155.0,2666.7128,2005,4,Q2
544,2005-05-01,5.1,1.3564653563122109,972.08,-0.1027749229187949,3.0,6459.8,154.3,2690.5723,2005,5,Q2
545,2005-06-01,5.0,3.865940141143579,975.4887,0.0514403292181004,3.04,6511.8,154.3,2729.7654,2005,6,Q2
546,2005-07-01,5.0,3.646026564164061,985.3175,0.462724935732656,3.26,6530.7,156.3,2784.9013,2005,7,Q3
547,2005-08-01,4.9,3.870956333703657,992.2647,0.5117707267144339,3.5,6555.0,157.6,2829.22,2005,8,Q3
548,2005-09-01,5.0,0.337802812397951,999.8397,1.22199592668025,3.62,6587.7,162.2,2853.1393,2005,9,Q3
549,2005-10-01,5.0,1.0647186768193688,1013.9806,0.201207243460752,3.78,6615.0,166.2,2879.6712,2005,10,Q4
550,2005-11-01,5.0,3.390881131385099,1022.696,-0.8032128514056259,4.0,6655.7,163.7,2906.2069,2005,11,Q4
551,2005-12-01,4.9,5.410270776623122,1037.2559,-0.40485829959513,4.16,6708.9,163.0,2929.6601,2005,12,Q4
552,2006-01-01,4.7,7.234580915022084,1049.0138,0.762195121951216,4.29,6707.1,164.3,2945.0594,2006,1,Q1
553,2006-02-01,4.8,4.689851498470836,1060.1331,0.20171457387795,4.49,6724.2,161.8,2966.3091,2006,2,Q1
554,2006-03-01,4.7,2.8159105480401174,1069.1643,0.55359838953198,4.59,6796.7,162.2,2984.6807,2006,3,Q1
555,2006-04-01,4.7,-0.1172913722234256,1088.181,0.8508508508508341,4.79,6860.1,164.3,3016.6105,2006,4,Q2
556,2006-05-01,4.6,-0.137166558560783,1106.4184,0.496277915632743,4.94,6798.4,165.8,3054.2649,2006,5,Q2
557,2006-06-01,4.6,-0.3739334351517542,1118.4547,0.1975308641975319,4.99,6852.1,166.1,3091.4024,2006,6,Q2
558,2006-07-01,4.7,-0.450206079223884,1124.0606,0.295712173484489,5.24,6873.6,166.8,3124.4861,2006,7,Q3
559,2006-08-01,4.7,2.129398370723394,1147.3077,0.196560196560197,5.25,6892.3,167.9,3134.8638,2006,8,Q3
560,2006-09-01,4.5,3.352135124406143,1150.9467,-0.490436488474757,5.25,6919.7,165.4,3164.4765,2006,9,Q3
561,2006-10-01,4.4,3.9731706539201266,1162.6095,-0.542138984721521,5.25,6962.5,162.2,3315.5353,2006,10,Q4
562,2006-11-01,4.5,3.549858641444253,1171.6304,-0.148662041625379,5.25,7024.9,164.6,3345.237,2006,11,Q4
563,2006-12-01,4.4,2.970815573803407,1184.578,0.148883374689833,5.24,7100.1,165.6,3374.2267,2006,12,Q4
564,2007-01-01,4.6,-1.085456852987389,1192.8212,0.305252725470763,5.25,7098.2,164.0,3393.5714,2007,1,Q1
565,2007-02-01,4.5,0.9383861286788152,1207.0272,0.5350367559876621,5.26,7109.7,166.8,3416.756,2007,2,Q1
566,2007-03-01,4.4,2.696711418135386,1216.1881,0.910569585108543,5.26,7207.6,169.3,3352.3991,2007,3,Q1
567,2007-04-01,4.5,2.4872271387086955,1229.1651,0.6496162686508891,5.25,7296.5,171.4,3379.0715,2007,4,Q2
568,2007-05-01,4.4,3.034994774029963,1247.3248,0.61107186747047,5.25,7241.0,173.3,3407.6326,2007,5,Q2
569,2007-06-01,4.6,2.0876758546122254,1262.6589,0.193797517660565,5.25,7285.1,173.8,3427.5488,2007,6,Q2
570,2007-07-01,4.7,1.3220158989399295,1272.5216,-0.0254377207802054,5.26,7287.9,175.1,3450.0151,2007,7,Q3
571,2007-08-01,4.6,2.937172862193833,1301.176,-0.183390222708711,5.02,7347.2,172.4,3473.1535,2007,8,Q3
572,2007-09-01,4.7,3.632491774671613,1350.7923,0.275590740535893,4.94,7367.6,173.5,3506.624,2007,9,Q3
573,2007-10-01,4.7,3.503060449131644,1377.5167,0.213919132812117,4.76,7378.6,174.7,3562.7335,2007,10,Q4
574,2007-11-01,4.7,1.9374759221340505,1397.4512,0.5939617873415811,4.49,7436.8,179.0,3593.8161,2007,11,Q4
575,2007-12-01,5.0,-2.04138244621955,1421.1636,-0.0670863129647814,4.24,7504.2,178.6,3602.8571,2007,12,Q4
576,2008-01-01,5.0,-3.2894316493724807,1441.0593,0.4970576472604689,3.94,7502.6,181.0,3614.2731,2008,1,Q1
577,2008-02-01,4.9,-2.3205852000735367,1451.4863,0.290411218495348,2.98,7585.2,182.7,3627.4068,2008,2,Q1
578,2008-03-01,5.1,1.2558055410688442,1471.5166,0.866821293098967,2.61,7719.2,187.9,3639.759,2008,3,Q1
579,2008-04-01,5.0,4.494215741747232,1492.2624,0.6064778389719561,2.28,7767.6,190.9,3651.055,2008,4,Q2
580,2008-05-01,5.4,3.242084594861792,1494.7865,0.8420886031756311,1.98,7709.1,196.6,3648.2978,2008,5,Q2
581,2008-06-01,5.6,1.216564532395253,1496.3269,1.0076996934894,2.0,7731.7,200.5,3636.7235,2008,6,Q2
582,2008-07-01,5.8,-1.8434255824659072,1499.902,0.525101112812213,2.01,7745.0,205.5,3629.3432,2008,7,Q3
583,2008-08-01,6.1,-4.964065581168695,1505.4028,-0.3991562255641739,2.0,7742.7,199.0,3631.9052,2008,8,Q3
584,2008-09-01,6.1,-9.176775723877444,1532.3119,-0.1383018540664549,1.81,7815.6,196.9,3669.4764,2008,9,Q3
585,2008-10-01,6.5,-9.047974013315075,1589.8842,-1.01013332845789,0.97,7922.1,186.4,3829.0872,2008,10,Q4
586,2008-11-01,6.8,-10.833685644054952,1580.8279,-1.9152895328595805,0.39,8012.5,176.8,3833.1313,2008,11,Q4
587,2008-12-01,7.3,-7.54152471313398,1563.6059,-1.03424738142875,0.16,8231.5,170.9,3825.4368,2008,12,Q4
588,2009-01-01,7.8,-4.206811656353296,1544.2795,0.435241737542101,0.15,8276.4,171.2,3803.7828,2009,1,Q1
589,2009-02-01,8.3,-0.1879827263671742,1534.7816,0.4972933035904749,0.22,8305.2,169.3,3825.1684,2009,2,Q1
590,2009-03-01,8.7,-2.178462649220277,1512.5286,0.24317484554154,0.18,8441.1,168.1,3820.1286,2009,3,Q1
591,2009-04-01,9.0,-0.5320371987767412,1493.1416,0.2496368277787989,0.15,8441.5,169.1,3832.1862,2009,4,Q2
592,2009-05-01,9.4,-0.1250536029105542,1472.9185,0.288876383417745,0.18,8428.6,170.8,3876.7436,2009,5,Q2
593,2009-06-01,9.5,-0.0644101927955556,1434.8055,0.8589892263953359,0.21,8441.3,174.1,3858.4673,2009,6,Q2
594,2009-07-01,9.5,1.320717790774122,1384.638,-0.158558692215323,0.16,8407.6,172.5,3835.5296,2009,7,Q3
595,2009-08-01,9.6,2.1790980892688365,1356.676,0.224285004481049,0.16,8386.7,175.0,3814.2246,2009,8,Q3
596,2009-09-01,9.8,4.568449082036708,1338.7094,0.0625480693495817,0.15,8394.9,174.1,3766.7909,2009,9,Q3
597,2009-10-01,10.0,5.496855514235355,1309.7618,0.0963101185818578,0.12,8426.4,175.2,3744.9949,2009,10,Q4
598,2009-11-01,9.9,4.592655682870701,1293.7862,0.0707753368767079,0.12,8501.2,177.4,3812.5904,2009,11,Q4
599,2009-12-01,9.9,1.7180583166461487,1269.1825,-0.176119816946313,0.12,8543.7,178.1,3785.7535,2009,12,Q4
600,2010-01-01,9.8,1.0421233807315808,1237.5881,0.34174735701485,0.11,8464.4,181.9,3762.1723,2010,1,Q1
601,2010-02-01,9.8,1.033351936336624,1224.5828,0.024920738207648,0.13,8508.4,181.0,3721.4996,2010,2,Q1
602,2010-03-01,9.9,4.165864852107786,1211.5438,0.4106283536571079,0.16,8576.6,183.3,3698.7987,2010,3,Q1
603,2010-04-01,9.9,4.720938463564534,1208.884,0.173688491069743,0.2,8601.8,184.4,3705.4917,2010,4,Q2
604,2010-05-01,9.6,4.016599264562174,1200.214,0.0775197354237721,0.2,8584.2,184.8,3696.8575,2010,5,Q2
605,2010-06-01,9.4,3.1149052279737948,1190.1335,-0.0976267084673888,0.18,8606.4,183.5,3679.7689,2010,6,Q2
606,2010-07-01,9.4,2.889370213170117,1181.4892,0.0211043057371509,0.18,8576.9,184.1,3657.4147,2010,7,Q3
607,2010-08-01,9.5,2.807663498717272,1182.7922,0.138066427840807,0.19,8607.7,184.9,3655.0746,2010,8,Q3
608,2010-09-01,9.5,3.1218183914934037,1185.7564,0.0581736230715569,0.19,8649.5,184.9,3643.1428,2010,9,Q3
609,2010-10-01,9.4,2.822132558974499,1185.3291,0.1245198888476959,0.19,8710.4,186.6,3630.3341,2010,10,Q4
610,2010-11-01,9.8,1.255460432190615,1188.4727,0.0420646423819507,0.19,8775.5,187.7,3631.1309,2010,11,Q4
611,2010-12-01,9.3,-1.1737230922811976,1195.5718,0.1718440789203089,0.18,8857.6,189.7,3624.5123,2010,12,Q4
612,2011-01-01,9.1,-3.04870424599089,1194.3303,0.4763230053974139,0.17,8850.0,192.7,3608.6709,2011,1,Q1
613,2011-02-01,9.0,-1.361789522744293,1200.0505,0.493136502545162,0.16,8887.1,195.8,3570.2972,2011,2,Q1
614,2011-03-01,9.0,4.397707911218314,1209.1056,0.975107203050938,0.14,9000.6,199.2,3532.6133,2011,3,Q1
615,2011-04-01,9.1,4.105408203112725,1217.1456,0.643942953545699,0.1,9055.6,203.1,3512.2217,2011,4,Q2
616,2011-05-01,9.0,2.455302499633523,1232.9855,0.470418752723364,0.09,9025.6,204.1,3504.1099,2011,5,Q2
617,2011-06-01,9.1,-0.3816713543621626,1235.4086,-0.107096705669922,0.09,9113.9,203.9,3498.5939,2011,6,Q2
618,2011-07-01,9.0,-1.8929887413232684,1239.2463,0.0886045666793554,0.07,9266.6,204.6,3493.5797,2011,7,Q3
619,2011-08-01,9.0,-0.0433563969029497,1259.2837,0.27575889023645,0.1,9461.8,203.2,3492.6788,2011,8,Q3
620,2011-09-01,9.0,3.270581821287524,1267.7382,0.151846211569461,0.08,9500.3,203.7,3490.9965,2011,9,Q3
621,2011-10-01,8.8,6.349893548163731,1279.0001,-0.206268263335836,0.07,9550.1,201.1,3500.9765,2011,10,Q4
622,2011-11-01,8.6,5.124816535892391,1291.1388,-0.084356133044206,0.08,9633.1,201.4,3512.8282,2011,11,Q4
623,2011-12-01,8.5,4.413608912312588,1305.9992,-0.2466516377138169,0.07,9729.2,199.8,3506.6269,2011,12,Q4
624,2012-01-01,8.3,3.203206909446012,1318.7594,0.440019142826751,0.08,9761.9,200.7,3516.6835,2012,1,Q1
625,2012-02-01,8.3,2.365306101929139,1344.0102,0.4402973551276311,0.1,9787.0,201.6,3539.0774,2012,2,Q1
626,2012-03-01,8.2,1.765496886452332,1354.7378,0.7594558623930859,0.13,9903.1,204.2,3534.1821,2012,3,Q1
627,2012-04-01,8.2,1.895734246721528,1372.8499,0.302102950408034,0.14,9948.9,203.7,3530.5992,2012,4,Q2
628,2012-05-01,8.2,1.7627930102798248,1384.5863,-0.117347936632105,0.16,9882.9,201.9,3533.1974,2012,5,Q2
629,2012-06-01,8.2,0.920123603939035,1402.278,-0.146639688445049,0.16,9960.8,199.8,3526.8703,2012,6,Q2
630,2012-07-01,8.2,0.7101468162960911,1410.6709,-0.162978586182561,0.16,10005.9,200.1,3523.336,2012,7,Q3
631,2012-08-01,8.1,-0.0931873696885858,1421.9452,0.556515818143709,0.13,10069.0,202.7,3528.1977,2012,8,Q3
632,2012-09-01,7.8,-0.3503655897175939,1429.7727,0.4462212267611311,0.14,10165.2,204.4,3533.6711,2012,9,Q3
633,2012-10-01,7.8,-0.8361073447924006,1446.6446,-0.0388925140553232,0.16,10245.8,203.5,3530.2233,2012,10,Q4
634,2012-11-01,7.7,1.7088341712037742,1452.2038,-0.4738086694881879,0.16,10343.0,201.8,3563.0111,2012,11,Q4
635,2012-12-01,7.9,4.044803370329254,1475.0842,-0.269306449020735,0.16,10531.4,201.5,3561.4892,2012,12,Q4
636,2013-01-01,8.0,5.01054429517893,1481.2236,0.295730419292604,0.14,10506.6,202.5,3564.689,2013,1,Q1
637,2013-02-01,7.7,4.878411643299859,1490.4866,0.819002952926876,0.15,10480.0,204.3,3552.1342,2013,2,Q1
638,2013-03-01,7.5,0.7453562704199066,1505.3907,0.261450858437495,0.14,10626.9,204.0,3537.89,2013,3,Q1
639,2013-04-01,7.6,-0.4343272039664549,1514.7578,-0.103963947708716,0.15,10655.8,203.5,3542.2956,2013,4,Q2
640,2013-05-01,7.5,1.2393608602196464,1517.6776,0.178040777358723,0.11,10578.7,204.1,3539.3066,2013,5,Q2
641,2013-06-01,7.5,2.0830685410933434,1528.2903,0.2399708085599499,0.09,10643.3,204.3,3543.7307,2013,6,Q2
642,2013-07-01,7.3,3.132899892244123,1530.4847,0.0393997533233011,0.09,10682.3,204.4,3537.7325,2013,7,Q3
643,2013-08-01,7.2,5.2075625766100035,1529.2399,0.12029315570472,0.08,10738.0,204.2,3530.7397,2013,8,Q3
644,2013-09-01,7.2,5.305287856779074,1532.3849,0.1163004485263469,0.08,10805.9,203.9,3531.5091,2013,9,Q3
645,2013-10-01,7.2,4.385420634009606,1545.6827,-0.257528325980464,0.09,10933.0,202.5,3527.7786,2013,10,Q4
646,2013-11-01,6.9,2.365945922217646,1551.4007,-0.204242419052338,0.08,10977.2,201.2,3536.0324,2013,11,Q4
647,2013-12-01,6.7,-2.4790568858003192,1573.0992,-0.008581149788259,0.09,11104.3,202.0,3539.9644,2013,12,Q4
648,2014-01-01,6.6,-4.46513000356479,1581.562,0.3720247673236049,0.07,11101.6,203.8,3538.3153,2014,1,Q1
649,2014-02-01,6.7,-0.4362903009528605,1618.7676,0.369790865096873,0.07,11153.4,205.7,3542.5779,2014,2,Q1
650,2014-03-01,6.7,4.429802037412579,1641.1514,0.6440044126228239,0.08,11278.4,207.0,3549.9173,2014,3,Q1
651,2014-04-01,6.2,6.110352372949394,1661.5829,0.329675445315773,0.09,11331.6,208.3,3563.6152,2014,4,Q2
652,2014-05-01,6.3,6.649397933832558,1673.3204,0.34926098400487,0.09,11274.8,208.0,3575.8279,2014,5,Q2
653,2014-06-01,6.1,6.147927227348912,1685.6701,0.186212694409411,0.1,11336.8,208.3,3598.6921,2014,6,Q2
654,2014-07-01,6.2,5.464391856220981,1694.0789,-0.0390193964161093,0.09,11391.8,208.0,3608.2127,2014,7,Q3
655,2014-08-01,6.1,3.1697413825040197,1706.4529,-0.167051416579219,0.09,11422.7,207.0,3620.5178,2014,8,Q3
656,2014-09-01,5.9,1.8065820379212452,1715.0219,0.0752568824311014,0.09,11470.6,206.4,3624.4375,2014,9,Q3
657,2014-10-01,5.7,0.9322800803844344,1725.4301,-0.2512277812553889,0.09,11538.6,203.4,3624.83,2014,10,Q4
658,2014-11-01,5.8,2.263212053806916,1743.5572,-0.539941794106119,0.09,11615.0,200.9,3632.8714,2014,11,Q4
659,2014-12-01,5.6,4.056326144239819,1770.5845,-0.567010091001089,0.12,11760.0,197.0,3645.1468,2014,12,Q4
660,2015-01-01,5.7,3.6886220579756666,1784.4004,-0.470589237347324,0.11,11759.0,192.0,3656.0455,2015,1,Q1
661,2015-02-01,5.5,3.4270466360733725,1807.0049,0.434304492377206,0.11,11847.1,191.1,3670.8606,2015,2,Q1
662,2015-03-01,5.4,3.978530983761387,1842.5618,0.5951721611097321,0.11,11956.7,191.5,3698.3055,2015,3,Q1
663,2015-04-01,5.4,2.1729740249591663,1861.5826,0.2032873254587689,0.12,12004.7,190.9,3709.4334,2015,4,Q2
664,2015-05-01,5.6,1.2925495574057038,1875.836,0.509723202549469,0.12,11907.9,193.4,3723.277,2015,5,Q2
665,2015-06-01,5.3,1.7374860794674598,1891.2327,0.350286999852812,0.13,11962.5,194.8,3749.6998,2015,6,Q2
666,2015-07-01,5.2,2.335057618508107,1889.0999,0.0067047159295661,0.13,12012.9,193.9,3766.9844,2015,7,Q3
667,2015-08-01,5.1,1.039935086046648,1896.1781,-0.141627628281935,0.14,12070.4,191.9,3784.078,2015,8,Q3
668,2015-09-01,5.0,0.5323043939537118,1901.6498,-0.155675657530359,0.14,12138.2,189.1,3800.9645,2015,9,Q3
669,2015-10-01,5.0,0.2597636871105,1922.7801,-0.0449683750446447,0.12,12171.5,187.5,3818.1779,2015,10,Q4
670,2015-11-01,5.1,0.6566531505048965,1938.285,-0.211068037908146,0.12,12297.9,185.7,3853.3941,2015,11,Q4
671,2015-12-01,5.0,2.440281967614871,1949.7616,-0.341709643711866,0.24,12427.3,183.5,3876.812,2015,12,Q4
672,2016-01-01,4.8,3.17796879089088,1955.581,0.165310220906868,0.34,12478.4,182.6,3892.3657,2016,1,Q1
673,2016-02-01,4.9,2.4966749812571405,1986.1299,0.0823076533454985,0.38,12517.1,181.3,3909.9542,2016,2,Q1
674,2016-03-01,5.0,0.7410439422099855,2027.4429,0.4306000143392679,0.36,12684.8,182.1,3930.2588,2016,3,Q1
675,2016-04-01,5.1,0.8235018797920777,2049.6719,0.4741067979104,0.37,12778.6,183.2,3948.1614,2016,4,Q2
676,2016-05-01,4.8,0.9536358893547612,2063.0772,0.404579099811517,0.37,12708.4,185.3,3979.4335,2016,5,Q2
677,2016-06-01,4.9,3.18180988013946,2063.8698,0.3284366167281879,0.38,12789.0,187.6,4008.9594,2016,6,Q2
678,2016-07-01,4.8,3.433712624613191,2057.6832,-0.161813640474981,0.39,12850.1,187.7,4038.2506,2016,7,Q3
679,2016-08-01,4.9,2.707652849335921,2042.6161,0.0918430107884498,0.4,12946.7,186.6,4062.1018,2016,8,Q3
680,2016-09-01,5.0,2.4087677473959515,2054.5744,0.240399586462898,0.4,13016.2,186.9,4080.4216,2016,9,Q3
681,2016-10-01,4.9,2.0728696644005264,2075.7589,0.124674851301432,0.4,13079.4,186.7,4104.6457,2016,10,Q4
682,2016-11-01,4.7,1.7906376611779815,2081.7922,-0.155546086733514,0.41,13191.8,186.3,4116.2743,2016,11,Q4
683,2016-12-01,4.7,2.5906714812920435,2080.0651,0.0327321392317517,0.54,13299.9,188.2,4121.4326,2016,12,Q4
684,2017-01-01,4.7,2.014317413523849,2073.0867,0.582772789025459,0.65,13281.6,190.7,4133.8714,2017,1,Q1
685,2017-02-01,4.6,1.4427312942893622,2081.232,0.314611738641666,0.66,13305.6,191.6,4133.7677,2017,2,Q1
686,2017-03-01,4.4,1.56818752864921,2074.2147,0.0812797871947232,0.79,13491.7,191.5,4138.1579,2017,3,Q1
687,2017-04-01,4.4,2.560066086545263,2085.5975,0.296553336532688,0.9,13565.0,193.0,4154.5654,2017,4,Q2
688,2017-05-01,4.4,2.2796187924927076,2088.3985,0.0854721826896363,0.91,13474.1,192.8,4176.4174,2017,5,Q2
689,2017-06-01,4.3,3.2795945797221675,2087.5242,0.0907111014861139,1.04,13522.1,193.6,4196.1393,2017,6,Q2
690,2017-07-01,4.3,2.8284929502103537,2077.5905,-0.0689922638852295,1.15,13584.4,193.5,4221.3972,2017,7,Q3
691,2017-08-01,4.4,3.3647344099843717,2075.2395,0.299445229710857,1.16,13653.7,193.8,4232.3984,2017,8,Q3
692,2017-09-01,4.3,4.237047836105853,2085.6522,0.5294905893230339,1.15,13705.5,194.8,4236.175,2017,9,Q3
693,2017-10-01,4.2,5.162301047709763,2097.9005,-0.0632042103727646,1.15,13750.7,194.9,4263.0233,2017,10,Q4
694,2017-11-01,4.2,4.6037318742155,2096.2935,0.0024324685907436,1.16,13819.9,195.9,4279.2751,2017,11,Q4
695,2017-12-01,4.1,3.816008518925852,2099.1411,-0.05878322772623,1.3,13945.0,196.3,4292.1507,2017,12,Q4
696,2018-01-01,4.0,2.603843609893268,2097.5124,0.544774545277541,1.41,13863.1,197.9,4300.9364,2018,1,Q1
697,2018-02-01,4.1,3.6675438235011217,2107.8848,0.45346899748655,1.42,13849.1,199.3,4304.6462,2018,2,Q1
698,2018-03-01,4.0,1.7773727678295526,2130.0368,0.2261125904149039,1.51,14031.0,199.3,4311.4831,2018,3,Q1
699,2018-04-01,4.0,1.7922239483594764,2185.5428,0.397509156334893,1.69,14069.5,200.3,4324.8668,2018,4,Q2
700,2018-05-01,3.8,1.7579156960062003,2189.7001,0.4158916925435,1.7,13980.4,203.2,4329.4548,2018,5,Q2
701,2018-06-01,4.0,2.944528540909567,2205.1679,0.159387570154372,1.82,14074.7,204.2,4351.256,2018,6,Q2
702,2018-07-01,3.8,2.890475189362282,2204.9034,0.0067463262285171,1.91,14109.6,204.3,4369.178,2018,7,Q3
703,2018-08-01,3.8,2.6431242380971076,2197.6442,0.0555542328357295,1.91,14164.9,203.4,4372.3486,2018,8,Q3
704,2018-09-01,3.7,0.7826100314448068,2203.3486,0.116202517589025,1.95,14199.5,203.6,4390.0678,2018,9,Q3
705,2018-10-01,3.8,-0.4536876756953178,2227.3992,0.176676345572587,2.19,14201.4,204.6,4405.885,2018,10,Q4
706,2018-11-01,3.8,0.3248294524055013,2260.046,-0.3349348518100969,2.2,14255.1,202.3,4409.2603,2018,11,Q4
707,2018-12-01,3.9,1.5950862683629503,2296.5549,-0.319396281513109,2.27,14448.8,201.0,4417.2845,2018,12,Q4
708,2019-01-01,4.0,2.5105063409722477,2310.9688,0.1906596665246839,2.4,14423.8,199.1,4423.2218,2019,1,Q1
709,2019-02-01,3.8,2.6517360465429,2326.8543,0.422705314009692,2.4,14401.9,199.2,4425.1631,2019,2,Q1
710,2019-03-01,3.8,3.152953653979427,2346.5348,0.564135835680577,2.41,14572.5,200.8,4435.1959,2019,3,Q1
711,2019-04-01,3.7,2.5032204948247236,2353.516,0.529500161289074,2.42,14623.0,202.1,4450.2018,2019,4,Q2
712,2019-05-01,3.6,4.151923879914222,2353.2412,0.212875858938411,2.39,14575.0,201.7,4477.5015,2019,5,Q2
713,2019-06-01,3.6,4.959965635624407,2355.8941,0.0199147181481604,2.38,14734.8,200.3,4497.2668,2019,6,Q2
714,2019-07-01,3.7,4.9676314713312735,2349.9734,0.167094162245338,2.4,14814.4,200.7,4512.4915,2019,7,Q3
715,2019-08-01,3.6,4.907671867247295,2353.155,-0.0050668236082818,2.13,14896.1,199.2,4522.0818,2019,8,Q3
716,2019-09-01,3.5,1.7474092374386707,2346.4003,0.0783448576930001,2.04,14986.8,198.4,4534.8539,2019,9,Q3
717,2019-10-01,3.6,0.8225231728661409,2342.5035,0.228619055223,1.83,15112.2,198.6,4559.9064,2019,10,Q4
718,2019-11-01,3.6,3.512703775153107,2351.0305,-0.0536243034669465,1.55,15259.4,199.0,4583.9817,2019,11,Q4
719,2019-12-01,3.6,5.1170580703400175,2350.3415,-0.0909769525053793,1.55,15412.5,199.0,4617.5845,2019,12,Q4
720,2020-01-01,3.6,1.932238883382468,2340.1694,0.387976993781487,1.55,15397.1,199.3,4620.4299,2020,1,Q1
721,2020-02-01,3.5,-12.298890009189204,2346.0795,0.274061813149543,1.58,15382.3,196.7,4622.9552,2020,2,Q1
722,2020-03-01,4.4,-44.34016428008332,2577.8787,-0.2176451031784789,0.65,16051.5,193.1,4644.6634,2020,3,Q1
723,2020-04-01,14.8,-69.63099264314422,2957.0445,-0.668694186699718,0.05,17097.7,185.5,4666.3354,2020,4,Q2
724,2020-05-01,13.2,-9.555250491286504,3065.2491,0.0019501616684046,0.05,17762.5,188.6,4666.8865,2020,5,Q2
725,2020-06-01,11.0,33.05693991725187,2950.7818,0.5472046927775109,0.08,18099.1,191.2,4670.6244,2020,6,Q2
726,2020-07-01,10.2,45.70603292276674,2865.7348,0.5058243501670089,0.09,18248.1,193.0,4691.9772,2020,7,Q3
727,2020-08-01,8.4,32.58734920555504,2804.099,0.315321052408127,0.1,18315.1,194.3,4689.7121,2020,8,Q3
728,2020-09-01,7.8,10.181784413677986,2731.7051,0.13927469432666,0.09,18538.0,195.5,4684.6276,2020,9,Q3
729,2020-10-01,6.8,-3.5142589697606423,2663.7493,0.0414937759336148,0.09,18681.5,196.5,4681.1933,2020,10,Q4
730,2020-11-01,6.7,-4.4487836919479395,2616.6176,-0.0610627217844138,0.09,18968.7,198.3,4663.6615,2020,11,Q4
731,2020-12-01,6.7,3.558424528827239,2585.2215,0.0941478467042597,0.09,19232.9,200.5,4650.8544,2020,12,Q4
732,2021-01-01,6.4,8.252280597852788,2550.9746,0.425378348702726,0.09,19355.4,204.8,4658.5799,2021,1,Q1
733,2021-02-01,6.2,3.7359090845798257,2585.1558,0.547438279392344,0.08,19502.9,210.6,4638.7238,2021,2,Q1
734,2021-03-01,6.1,11.084923217734897,2602.8916,0.7083273133749509,0.07,19921.7,215.0,4628.1416,2021,3,Q1
735,2021-04-01,6.1,6.024043399921424,2588.694,0.821890915406006,0.07,20244.8,217.9,4628.0155,2021,4,Q2
736,2021-05-01,5.8,3.832139443682839,2571.0749,0.80171051547627,0.06,20289.6,224.9,4627.5887,2021,5,Q2
737,2021-06-01,5.9,2.656737116290726,2501.1925,0.929066290235704,0.08,20410.2,228.9,4647.3795,2021,6,Q2
738,2021-07-01,5.4,2.3296052874879924,2459.1349,0.481052352629404,0.1,20561.7,231.85,4666.8592,2021,7,Q3
739,2021-08-01,5.1,3.280465591481075,2419.4524,0.206591136361161,0.09,20753.2,233.415,4698.2315,2021,8,Q3
740,2021-09-01,4.7,6.51358794916296,2393.2612,0.271597085905821,0.08,20926.6,235.678,4716.2665,2021,9,Q3
741,2021-10-01,4.5,10.158231052940335,2393.7595,0.830811855200318,0.08,21092.7,240.465,4743.1902,2021,10,Q4
742,2021-11-01,4.1,7.102807601496312,2418.0994,0.491342750434762,0.08,21326.9,243.287,4772.4375,2021,11,Q4
743,2021-12-01,3.9,-0.4197636526248955,2470.6845,0.307251716148357,0.08,21649.5,241.338,4799.786,2021,12,Q4
744,2022-01-01,4.0,-5.516512561493546,2476.3036,0.8414573783545228,0.08,21631.7,246.453,4813.9098,2022,1,Q1
745,2022-02-01,3.8,-3.4893081686009637,2498.7645,0.913397925647697,0.08,21584.7,252.66,4828.5135,2022,2,Q1
746,2022-03-01,3.6,-0.691181992452778,2553.4892,1.3351379548562698,0.2,21860.5,260.014,4857.4463,2022,3,Q1
747,2022-04-01,3.7,-0.5904827229086167,2597.674,0.5582531025654971,0.33,21851.0,265.31,4910.9578,2022,4,Q2
748,2022-05-01,3.6,0.0459960215091546,2634.3919,1.10235239995988,0.77,21549.7,273.251,4965.417,2022,5,Q2
749,2022-06-01,3.6,1.4635611737521068,2689.4252,1.37360757588199,1.21,21577.0,280.251,5023.2705,2022,6,Q2
750,2022-07-01,3.5,3.1546594606163603,2707.8041,-0.0118119138337545,1.68,21572.5,272.274,5075.684,2022,7,Q3
751,2022-08-01,3.6,3.73464369895082,2713.2873,-0.0354399276350673,2.33,21538.0,269.546,5131.7218,2022,8,Q3
752,2022-09-01,3.5,3.7139148698502416,2722.781,0.2150784513001039,2.56,21497.7,267.898,5174.5292,2022,9,Q3
753,2022-10-01,3.6,2.8217108204293497,2744.9219,0.405649443411221,3.08,21409.1,265.061,5221.6237,2022,10,Q4
754,2022-11-01,3.6,0.92890893793704,2774.302,-0.101002644188814,3.78,21409.5,263.157,5263.3985,2022,11,Q4
755,2022-12-01,3.5,1.3261239783465535,2802.4852,-0.307009146454112,4.1,21436.4,257.897,5358.0695,2022,12,Q4
756,2023-01-01,3.4,4.00172774421792,2801.3694,0.799536383454017,4.33,21292.3,260.227,5371.0559,2023,1,Q1
757,2023-02-01,3.6,1.901323369074902,2806.9123,0.5582110505732301,4.57,21138.0,258.669,5394.9448,2023,2,Q1
758,2023-03-01,3.5,0.5773699277569877,2812.0586,0.3310729956123049,4.65,21041.8,257.062,5399.8766,2023,3,Q1
759,2023-04-01,3.4,2.037338218886542,2800.8393,0.50590386832584,4.83,20855.6,256.908,5408.1837,2023,4,Q2
760,2023-05-01,3.7,2.659679257579601,2788.3007,0.251843501020241,5.06,20719.7,253.67,5440.1848,2023,5,Q2
761,2023-06-01,3.6,3.8789147282380663,2775.0336,0.322891423648645,5.08,20752.8,253.86,5439.0349,2023,6,Q2
762,2023-07-01,3.5,5.553690480876557,2758.132,0.1907515019222699,5.12,20727.9,253.835,5452.2956,2023,7,Q3
763,2023-08-01,3.8,5.428278769184198,2742.1484,0.436715506835353,5.33,20696.5,257.68,5488.2554,2023,8,Q3
764,2023-09-01,3.8,4.78286349968259,2735.1816,0.2485131552376499,5.33,20668.7,258.934,5503.1449,2023,9,Q3
765,2023-10-01,3.8,2.6099858367537503,2747.2112,-0.0383379522984981,5.33,20627.9,255.192,5512.3299,2023,10,Q4
766,2023-11-01,3.7,2.9249153977573092,2748.8027,-0.201513954841356,5.33,20701.3,252.856,5525.4979,2023,11,Q4
767,2023-12-01,3.7,1.388811441650822,2761.2728,-0.0993320327893392,5.33,20855.6,249.866,5536.7964,2023,12,Q4
768,2024-01-01,3.7,-0.6001393859824402,2746.294,0.544750379793042,5.33,20822.4,251.306,5547.8778,2024,1,Q1
769,2024-02-01,3.9,3.091572999524539,2766.1968,0.618967177555072,5.33,20746.9,254.926,5554.9858,2024,2,Q1
770,2024-03-01,3.8,2.5121044562974015,2763.195,0.646416993742063,5.33,20976.1,255.095,5564.673,2024,3,Q1
